Province,City,Longitude,Latitude,Distance(km)
广东省,广州,113.264360,23.129080,829.2687459337104
广东省,越秀,113.266800,23.129010,829.2462286046517
广东省,荔湾,113.244280,23.125860,829.8760540492227
广东省,海珠,113.317200,23.083310,833.6905474732273
广东省,天河,113.361990,23.124630,828.605014264294
广东省,白云,113.273238,23.157032,826.0700620210885
广东省,黄埔,113.480670,23.181390,821.0621613714129
广东省,花都,113.220260,23.403910,799.4877704552789
广东省,番禺,113.384240,22.937720,849.0464590640543
广东省,南沙,113.524970,22.801690,862.7310218378595
广东省,增城,113.810900,23.260930,809.5902443482571
广东省,从化,113.586460,23.548350,779.3823083103285
广东省,深圳,114.059560,22.542860,888.3604088650253
广东省,福田,114.054540,22.522910,890.5945232923237
广东省,罗湖,114.131660,22.548360,887.5761383715896
广东省,南山,113.93069,22.53325,889.8809860930625
广东省,盐田,114.236790,22.557000,886.4670047040206
广东省,宝安,113.883080,22.553290,887.8658470365476
广东省,龙岗,114.247790,22.719910,868.3240585112346
广东省,龙华,114.044612,22.696694,871.285823540871
广东省,坪山,114.346320,22.690840,871.5455812847404
广东省,珠海,113.576680,22.270730,921.2024832219472
广东省,香洲,113.543202,22.265939,922.0042748849376
广东省,斗门,113.296580,22.209030,930.6614946423847
广东省,金湾,113.364200,22.145890,936.9505303559984
广东省,汕头,116.682210,23.353500,831.7048082627781
广东省,金平,116.705400,23.365250,831.100761130826
广东省,龙湖,116.716770,23.372460,830.6525474048163
广东省,濠江,116.726640,23.285920,840.1876638679803
广东省,潮南,116.433100,23.250290,836.2004639046122
广东省,潮阳,116.601570,23.264890,838.9941019674646
广东省,澄海,116.756080,23.466130,821.7832500306152
广东省,南澳,117.023480,23.421780,834.6708154563443
广东省,佛山,113.121920,23.021850,842.980174806983
广东省,禅城,113.122490,23.009440,844.3410206819246
广东省,高明,112.892620,22.900260,859.8258383433281
广东省,三水,112.896720,23.155850,831.6770458152716
广东省,南海,113.142780,23.028820,841.9240210849067
广东省,顺德,113.293210,22.805360,864.7106555615247
广东省,韶关,113.597230,24.810390,639.4581633122851
广东省,浈江,113.610950,24.804460,639.9676211895038
广东省,武江,113.587710,24.792680,641.5217050583005
广东省,曲江,113.604580,24.682600,653.5261939453744
广东省,乐昌,113.347460,25.130140,607.423336961746
广东省,南雄,114.310840,25.119620,601.167557370874
广东省,始兴,114.062060,24.952690,620.2307078266958
广东省,仁化,113.749180,25.085660,607.4598173140587
广东省,翁源,114.130330,24.350200,687.0479534912185
广东省,新丰,114.206890,24.059590,719.2417522081064
广东省,乳源,113.275960,24.775910,647.495650871103
广东省,湛江,110.358940,21.271340,1102.6991138000453
广东省,赤坎,110.365340,21.266240,1103.0031760018621
广东省,霞山,110.398210,21.191690,1109.635454705451
广东省,坡头,110.455500,21.244750,1102.066364260366
广东省,麻章,110.334270,21.263310,1104.4229696809261
广东省,廉江,110.286250,21.609620,1070.13495365526
广东省,吴川,110.778240,21.441820,1070.3830601987618
广东省,雷州,110.096510,20.914440,1149.4449896216565
广东省,遂溪,110.250060,21.377080,1095.6389281858483
广东省,徐闻,110.175020,20.326520,1208.1677761118137
广东省,肇庆,112.465280,23.046900,851.8114325685661
广东省,端州,112.484610,23.051960,850.8499603773708
广东省,鼎湖,112.567060,23.158150,837.5600140440359
广东省,高要,112.458390,23.025810,854.2546979889704
广东省,四会,112.734040,23.327430,815.7741051900014
广东省,广宁,112.441120,23.634930,788.4627110420402
广东省,怀集,112.184540,23.911880,765.0550450346989
广东省,封开,111.511960,23.424480,837.1232511674716
广东省,德庆,111.785590,23.143760,858.4648729218376
广东省,江门,113.081610,22.578650,892.42643658031
广东省,江海,113.111030,22.560280,894.0585186806229
广东省,蓬江,113.078450,22.595140,890.6501235621345
广东省,新会,113.032310,22.458770,906.3304998309544
广东省,台山,112.793900,22.251560,932.7357501553678
广东省,鹤山,112.964360,22.765300,873.5432263425147
广东省,开平,112.698510,22.376380,920.6206579226813
广东省,恩平,112.305320,22.182940,949.3115394071547
广东省,茂名,110.925230,21.663290,1042.188912322779
广东省,茂南,110.918790,21.641090,1044.744649451324
广东省,电白,111.016360,21.514280,1055.0856777289475
广东省,高州,110.853380,21.918120,1017.6852512762258
广东省,化州,110.639540,21.663970,1051.7044661339069
广东省,信宜,110.947100,22.354290,968.6650012657044
广东省,惠州,114.416790,23.110750,824.8620017349535
广东省,惠城,114.382730,23.083830,827.8221221179931
广东省,惠阳,114.456460,22.788510,860.788539160714
广东省,博罗,114.289730,23.173150,817.8500728598791
广东省,龙门,114.254860,23.727630,756.1428639549664
广东省,惠东,114.719990,22.984860,839.7949067673251
广东省,梅州,116.122640,24.288440,716.410730772122
广东省,梅江,116.116990,24.309960,713.9476478652998
广东省,梅县,116.082450,24.265390,717.922102915795
广东省,兴宁,115.731190,24.136500,724.3484278615988
广东省,大埔,116.695200,24.347920,726.2958147179762
广东省,丰顺,116.182250,23.739450,777.2175628256209
广东省,五华,115.776090,23.932540,747.5066138175811
广东省,平远,115.891120,24.566320,680.8572167328475
广东省,蕉岭,116.171230,24.658610,677.7946423521728
广东省,汕尾,115.375140,22.785660,867.4625751745136
广东省,陆丰,115.644620,22.945110,853.5823771868296
广东省,海丰,115.323410,22.966570,846.842472877849
广东省,陆河,115.659960,23.301480,814.6327666412403
广东省,河源,114.700650,23.743650,755.3299104465542
广东省,源城,114.702460,23.734170,756.3930939729139
广东省,龙川,115.259840,24.100140,720.7929571248774
广东省,连平,114.488650,24.369560,684.8908911456493
广东省,东源,114.746250,23.788560,750.5827391818576
广东省,和平,114.938720,24.442010,679.4370220979401
广东省,紫金,115.183980,23.635320,771.2688381105597
广东省,阳江,111.982560,21.858290,991.7599891902788
广东省,江城,111.955160,21.861820,992.0204571574636
广东省,阳东,112.006700,21.868290,990.1143983376174
广东省,阳春,111.791530,22.170300,962.738157319641
广东省,阳西,111.617910,21.752290,1012.297077060192
广东省,清远,113.056150,23.682010,771.2546582687002
广东省,清城,113.062690,23.697950,769.3979288324882
广东省,清新,113.016580,23.734740,766.1020701919357
广东省,英德,113.415050,24.185720,710.6490864469383
广东省,连州,112.376770,24.779980,666.7637124430279
广东省,佛冈,113.531720,23.879210,743.2465968123644
广东省,阳山,112.641320,24.465000,693.855366642531
广东省,连山,112.093480,24.570360,697.450959206861
广东省,连南,112.286980,24.725400,675.1612364411206
广东省,东莞,113.751790,23.020670,836.658418997447
广东省,中山,113.392600,22.515950,895.6671630167299
广东省,潮州,116.622960,23.656700,797.59606474096
广东省,湘桥,116.628340,23.674410,795.8563364616697
广东省,潮安,116.678090,23.462440,819.9323206014277
广东省,饶平,117.003900,23.664120,808.4472002584424
广东省,揭阳,116.372710,23.549720,802.3737491559963
广东省,榕城,116.366920,23.524860,804.9102378664066
广东省,揭东,116.412110,23.566060,801.6158744144205
广东省,普宁,116.165690,23.297360,824.8039525845062
广东省,惠来,116.295110,23.033210,856.4002286166453
广东省,揭西,115.841890,23.431410,803.5669708162175
广东省,云浮,112.044530,22.915250,875.9397738603885
广东省,云城,112.043730,22.927970,874.5887994948017
广东省,云安,112.003240,23.071010,860.2377104703547
广东省,罗定,111.570040,22.768300,904.8443495030618
广东省,新兴,112.225360,22.695730,895.2996462133374
广东省,郁南,111.535360,23.234640,856.4137696894705
北京市,东城区,116.416370,39.928550,1064.6291625192914
北京市,西城区,116.366110,39.912310,1062.0448000442286
北京市,朝阳区,116.4498,39.927289,1065.0394603573845
北京市,丰台区,116.286160,39.858560,1054.9100629417599
北京市,石景山区,116.222990,39.905690,1059.1173257482444
北京市,海淀区,116.298450,39.959330,1066.133362415767
北京市,顺义区,116.654770,40.130120,1090.661194441969
北京市,通州区,116.662852,39.916195,1067.5210691923978
北京市,大兴区,116.341590,39.726840,1041.3708540013658
北京市,房山区,116.142940,39.747880,1040.6354189655847
北京市,门头沟区,116.101460,39.940480,1061.188805768096
北京市,昌平区,116.231280,40.220770,1093.7928548627897
北京市,平谷区,117.121410,40.140620,1100.801222098086
北京市,密云区,116.843170,40.376250,1120.8355927453256
北京市,怀柔区,116.631770,40.316000,1110.5176153640323
北京市,延庆区,115.975030,40.456780,1116.340162861311
上海市,黄浦区,121.484610,31.231620,689.9229253484757
上海市,徐汇区,121.436870,31.188260,685.007624776291
上海市,长宁区,121.423940,31.220240,684.0628813300877
上海市,静安区,121.455910,31.223520,687.1260100454417
上海市,普陀区,121.402136,31.255599,682.3301866687805
上海市,虹口区,121.505150,31.264510,692.1820577787041
上海市,杨浦区,121.526090,31.259560,694.1192425084978
上海市,浦东新区,121.544090,31.221140,695.4715050313448
上海市,闵行区,121.382060,31.113250,679.2053795082937
上海市,宝山区,121.495973,31.410927,692.9303736863117
上海市,嘉定区,121.266210,31.374820,670.7864736517386
上海市,金山区,121.348264,30.74899,674.5184133248044
上海市,松江区,121.226540,31.032410,663.8614641095633
上海市,青浦区,121.124260,31.149790,654.991019712199
上海市,奉贤区,121.474100,30.918030,686.9114449186758
上海市,崇明区,121.397300,31.622900,686.6868584270841
天津市,和平区,117.2147,39.11712,992.9952472114562
天津市,河东区,117.25228,39.12827,995.1043322106817
天津市,河西区,117.223360,39.10954,992.3966588987333
天津市,南开区,117.150110,39.13815,993.691486046359
天津市,河北区,117.196740,39.14784,995.84328665771
天津市,红桥区,117.151610,39.16734,996.8514475092315
天津市,滨海新区,117.710710,39.0032,994.0169528932004
天津市,东丽区,117.314280,39.08652,992.1959819907989
天津市,西青区,117.007390,39.14111,990.6993027603405
天津市,津南区,117.357100,38.9375,977.4440376433064
天津市,北辰区,117.135440,39.22393,1002.5314680275839
天津市,武清区,117.044120,39.38326,1017.5499297008441
天津市,宝坻区,117.309830,39.71755,1059.4853861400538
天津市,宁河区,117.824780,39.33091,1031.7068593026818
天津市,静海区,116.974280,38.94737,969.1395429253054
天津市,蓟州区,117.408290,40.04577,1096.9321618613396
重庆市,渝中区,106.568600,29.553140,753.603843677845
重庆市,万州区,108.408730,30.807900,565.9125374962232
重庆市,涪陵区,107.387790,29.702390,672.6626511319714
重庆市,大渡口区,106.482250,29.484080,763.2174624055612
重庆市,江北区,106.574390,29.606610,752.0265800334845
重庆市,沙坪坝区,106.457730,29.540980,764.4113507835834
重庆市,九龙坡区,106.511400,29.502070,760.0734895749691
重庆市,南岸区,106.562560,29.521680,754.8035224028024
重庆市,北碚区,106.396280,29.805830,765.6463507657562
重庆市,綦江区,106.928520,28.964630,734.0044011958294
重庆市,大足区,105.780170,29.486040,830.1034949168446
重庆市,渝北区,106.630430,29.717980,744.6831606161121
重庆市,巴南区,106.540410,29.402680,759.4107190641183
重庆市,黔江区,108.770790,29.533480,544.9805535081932
重庆市,长寿区,107.081050,29.857810,699.3513861020724
重庆市,江津区,106.259360,29.290140,788.6528061417258
重庆市,合川区,106.276790,29.972880,774.7463192437642
重庆市,永川区,105.927090,29.356000,818.7735333012502
重庆市,南川区,107.098960,29.157880,712.4848647178537
重庆市,璧山区,106.227420,29.592020,785.4089302691385
重庆市,铜梁区,106.056380,29.844750,797.5950064120556
重庆市,潼南区,105.839520,30.190540,814.2963864858739
重庆市,荣昌区,105.594440,29.404850,849.4367550560213
重庆市,开州区,108.393110,31.160980,569.9404854077948
重庆市,梁平区,107.802350,30.673730,623.7135625265023
重庆市,武隆区,107.759930,29.325430,645.6873030609113
重庆市,城口县,108.664330,31.947670,560.3053510463577
重庆市,丰都县,107.730850,29.863520,637.1469833673365
重庆市,垫江县,107.335150,30.326800,669.765418162268
重庆市,忠县,108.037670,30.300260,602.5914975637886
重庆市,云阳县,108.696980,30.930630,539.011128394588
重庆市,奉节县,109.464060,31.018460,466.78270622108226
重庆市,巫山县,109.878800,31.074620,428.1623291198314
重庆市,巫溪县,109.570160,31.398600,462.8734949919097
重庆市,石柱土家族自治县,108.114150,29.999680,598.4755433723682
重庆市,秀山土家族苗族自治县,109.007140,28.448320,563.148633944092
重庆市,酉阳土家族苗族自治县,108.767780,28.841260,567.5700884316382
重庆市,彭水苗族土家族自治县,108.165550,29.293760,608.3335820235283
云南省,昆明,102.73,25.04,1292.3257046934011
云南省,富民,102.48,25.21,1304.5934617865114
云南省,晋宁,102.58,24.68,1326.120200811156
云南省,呈贡,102.79,24.9,1295.193225222144
云南省,安宁,102.44,24.95,1322.601060995402
云南省,昭通,103.7,29.32,1031.9662714843798
云南省,永善,103.63,28.22,1066.7683248496394
云南省,大关,103.91,27.74,1057.0833908183927
云南省,彝良,104.06,27.61,1048.128553935783
云南省,鲁甸,103.54,27.21,1112.1306898130806
云南省,绥江,103.97,28.58,1023.9303483035197
云南省,盐津,104.28,28.08,1010.4454807850377
云南省,威信,105.05,27.85,947.3954834024003
云南省,镇雄,104.86,27.42,982.4788779315883
云南省,巧家,102.92,26.9,1182.0857778995482
云南省,永富,104.38,28.62,984.0463257414909
云南省,曲靖,103.79,25.51,1173.8745089895237
云南省,宣威,104.09,26.24,1107.8948256816543
云南省,富源,104.24,25.67,1125.9525786387094
云南省,师宗,103.97,24.85,1197.971137517838
云南省,嵩明,103.03,25.35,1248.8048904976451
云南省,会泽,103.27,26.41,1172.525623420533
云南省,沽益,103.82,25.62,1165.0601743718462
云南省,罗平,104.3,24.88,1168.5863479863463
云南省,陆良,104.64,25.04,1130.2427886216776
云南省,宜良,103.12,24.9,1266.86490247373
云南省,马龙,103.61,25.41,1195.1144475074675
云南省,路南,103.24,24.77,1264.4101371838663
云南省,寻甸,103.25,25.56,1218.0101507556174
云南省,玉溪,102.52,24.35,1351.0117708140515
云南省,华宁,102.93,24.26,1321.9802205533947
云南省,通海,102.75,24.09,1347.7605630606588
云南省,澄江,102.91,24.68,1297.8968368349426
云南省,江川,102.73,24.27,1338.165320137621
云南省,易门,102.15,24.67,1363.7554599317546
云南省,元江,102,23.59,1442.2340160181116
云南省,新平,101.98,24.06,1414.5662592000726
云南省,峨山,102.38,24.16,1374.5147022788908
云南省,思茅,101,22.79,1577.2399257588152
云南省,普洱,101.03,23.07,1556.6543124507089
云南省,镇沅,100.88,23.9,1518.4255799859225
云南省,景东,100.82,24.42,1493.8437573650458
云南省,景谷,100.71,23.5,1556.9713485312166
云南省,黑江,101.71,23.4,1478.6179034928616
云南省,澜沦,99.97,22.55,1678.9638466135996
云南省,西盟,99.47,22.73,1710.1405355584059
云南省,江城,101.88,22.58,1519.1586456531506
云南省,孟连,99.55,22.32,1729.0535780793393
云南省,临沦,100.09,23.88,1588.22564268713
云南省,云县,100.12,24.44,1554.5138452242024
云南省,镇康,99.02,23.92,1680.2721002370988
云南省,永德,99.25,24.03,1653.877027143809
云南省,凤庆,99.92,24.58,1564.8536744168193
云南省,双江,99.85,23.45,1634.0392373340994
云南省,沧源,99.24,23.15,1704.6304297669024
云南省,耿马,99.41,23.56,1665.9864238318257
云南省,保由,99.18,25.12,1604.4931871388576
云南省,施甸,99.15,24.69,1628.2976856937319
云南省,腾冲,98.51,25.01,1670.8250134911975
云南省,昌宁,99.61,24.82,1580.2813200985543
云南省,龙陵,98.7,24.58,1674.463513676762
云南省,丽江,100.25,26.86,1430.9839550633633
云南省,华坪,101.24,26.63,1348.0642563399304
云南省,永胜,100.76,26.71,1389.291221045927
云南省,宁蒗,100.82,27.29,1361.897671834464
云南省,文山,104.24,23.37,1276.4284704003271
云南省,广南,105.09,24.05,1161.389250789072
云南省,西畴,104.68,23.42,1238.9462855171544
云南省,麻栗坡,104.71,23.12,1259.1573511543525
云南省,马关,104.4,23.01,1290.7979239856747
云南省,丘北,104.19,24.03,1233.7249965633616
云南省,砚山,104.35,23.62,1249.8378582659493
云南省,富宁,105.6,23.62,1154.770370924234
云南省,个旧,102.43,23.35,1422.2823860304284
云南省,弥勒,103.43,24.41,1270.7356226094034
云南省,蒙自,103.41,23.36,1342.3651715299115
云南省,元阳,102.81,23.17,1403.5779516037885
云南省,红河,102.42,23.35,1423.1020587688777
云南省,石屏,102.48,23.73,1393.2591858256212
云南省,泸西,103.76,24.52,1236.305145245033
云南省,金平,103.24,22.77,1397.6589269572498
云南省,开远,103.23,23.7,1333.5881632211115
云南省,绿春,102.42,23.01,1446.0175920185477
云南省,建水,102.79,23.64,1373.5336690131785
云南省,河口,103.98,22.52,1359.4890143982782
云南省,屏边,103.67,22.68,1370.9838603356452
云南省,景淇,100.79,22,1647.356951304359
云南省,勐海,100.5,21.95,1674.4296802005372
云南省,勐腊,101.56,21.48,1622.6404830214587
云南省,楚雄,101.54,25.01,1398.150352262553
云南省,元谋,101.85,25.7,1334.8138770895457
云南省,武定,102.36,25.55,1296.9473296986419
云南省,禄丰,102.08,25.15,1342.9820668918164
云南省,南华,101.26,25.21,1412.4592633088316
云南省,大姚,101.34,25.73,1379.2727788222783
云南省,永仁,101.7,26.07,1330.5287362435101
云南省,禄劝,102.45,25.58,1287.3988339345085
云南省,牟定,101.58,25.32,1378.2438401207294
云南省,双柏,101.67,24.68,1404.8949674623161
云南省,姚安,101.24,25.4,1404.5517122897961
云南省,下关,100.24,25.45,1492.3568711447126
云南省,剑川,99.88,26.53,1478.2571308566744
云南省,洱源,99.94,26.1,1490.4047387001613
云南省,宾川,100.55,25.82,1446.8035310307941
云南省,弥渡,100.52,25.34,1472.3306955278435
云南省,永平,99.52,25.45,1557.9520863881803
云南省,鹤庆,100.18,26.55,1449.557711679393
云南省,大理,100.19,25.69,1485.6522864723029
云南省,漾濞,99.98,25.68,1505.3063938696012
云南省,云龙,99.39,25.9,1549.763167324666
云南省,祥云,100.56,25.48,1461.899195277851
云南省,巍山,100.33,25.23,1494.899124280987
云南省,南涧,100.51,25.04,1488.2530817300228
云南省,潞西,98.6,24.41,1692.0698865544841
云南省,陇川,97.96,24.33,1753.9536637634142
云南省,盈江,97.93,24.69,1739.0187362375784
云南省,畹町,98.08,24.08,1755.8369936615647
云南省,瑞丽,97.83,24,1782.483551083687
云南省,梁河,98.3,24.78,1700.9524824508028
云南省,泸水,98.82,25.97,1599.5481180315435
云南省,碧江,98.95,26.55,1564.2873297303738
云南省,福贡,98.92,26.89,1554.5721460114296
云南省,兰坪,99.29,26.49,1534.8212035101037
云南省,贡山,98.65,27.73,1552.8018712586097
云南省,中甸,99.72,27.78,1449.7231981849443
云南省,德钦,98.93,28.49,1505.8653982578978
云南省,维西,99.27,27.15,1512.5316033307095
内蒙古自治区,呼和浩特,111.65,40.82,1171.3824042613157
内蒙古自治区,上默特左旗,111.13,40.72,1171.114946802571
内蒙古自治区,托克托,111.15,40.28,1123.4523925701533
内蒙古自治区,包头,110,40.58,1185.5296763824301
内蒙古自治区,上默特右旗,110.52,40.55,1167.7947955393822
内蒙古自治区,固阳,110.03,41.03,1231.725962256063
内蒙古自治区,乌海,106.82,39.67,1224.8316479458508
内蒙古自治区,集宁,113.08,41.03,1175.192120778856
内蒙古自治区,兴和,113.97,40.88,1153.6765844903948
内蒙古自治区,清水河,111.65,39.92,1073.8464708414594
内蒙古自治区,武川,111.42,41.12,1208.269517269871
内蒙古自治区,卓资,112.52,40.93,1169.9932814883996
内蒙古自治区,商都,113.53,41.58,1233.1772574232336
内蒙古自治区,丰镇,113.15,40.45,1110.3605413460655
内蒙古自治区,凉城,112.48,40.52,1125.3963570182973
内蒙古自治区,和林格尔,111.8,40.4,1122.9911922539552
内蒙古自治区,化德,114,41.9,1267.1191349632388
内蒙古自治区,四子王旗,111.68,41.37,1230.6757142465674
内蒙古自治区,二连浩特,111.96,43.65,1476.2715711069711
内蒙古自治区,阿巴哈纳尔旗,116.08,43.95,1503.125486281054
内蒙古自治区,多伦,116.48,42.18,1312.3540604438501
内蒙古自治区,阿巴嘎旗,114.97,44.03,1505.047789815009
内蒙古自治区,西乌珠穆沁旗,117.58,44.6,1593.3508827241067
内蒙古自治区,东乌珠穆沁旗,116.97,45.53,1686.8447926828924
内蒙古自治区,苏尼特左旗,113.7,43.85,1484.8624826199398
内蒙古自治区,苏尼特右旗,112.95,42.47,1335.7705404039286
内蒙古自治区,太仆寺旗,115.3,41.9,1269.9059666959456
内蒙古自治区,正镶白旗,115,42.32,1315.0097849695298
内蒙古自治区,正蓝旗,116.02,42.25,1314.6569253077153
内蒙古自治区,镶黄旗,113.83,42.25,1306.479464999469
内蒙古自治区,海拉尔,119.73,29.22,542.7778242841789
内蒙古自治区,满洲里,117.47,49.58,2138.2752653500343
内蒙古自治区,陈巴尔虎旗,119.45,49.33,2138.1279074147246
内蒙古自治区,额尔古纳右旗,120.08,50.45,2270.0272962501567
内蒙古自治区,额尔古纳左旗,121.52,50.8,2335.494555828645
内蒙古自治区,喜桂图旗,120.73,49.3,2159.2857933342298
内蒙古自治区,阿荣旗,123.5,48.13,2110.381552211996
内蒙古自治区,布特哈旗,122.78,47.98,2073.1641345738835
内蒙古自治区,新巴尔虎左旗,116.82,48.67,2031.5945117130689
内蒙古自治区,新巴尔虎右旗,118.23,48.22,1998.3325722408442
内蒙古自治区,鄂伦春自治旗,123.7,50.58,2365.6037010059763
内蒙古自治区,通辽,122.28,43.63,1620.0834316690593
内蒙古自治区,开鲁,121.32,43.62,1584.1422195487667
内蒙古自治区,库伦旗,121.75,42.72,1510.507307684473
内蒙古自治区,奈曼旗,120.65,42.85,1483.5278934058908
内蒙古自治区,扎鲁特旗,120.87,44.55,1664.2701538777014
内蒙古自治区,赤峰,118.87,42.28,1370.8198193252495
内蒙古自治区,宁城,119.32,41.62,1314.6648027326114
内蒙古自治区,林西,118.02,43.62,1494.618532946934
内蒙古自治区,喀喇沁旗,118.67,41.95,1330.7366716235558
内蒙古自治区,敖汉旗,119.87,42.3,1401.9146769464808
内蒙古自治区,翁牛特旗,119,42.97,1447.043180578058
内蒙古自治区,巴林右旗,118.65,43.52,1497.0939206654616
内蒙古自治区,巴林左旗,119.35,43.98,1562.6800005927705
内蒙古自治区,阿鲁科尔沁旗,120.05,43.97,1580.2353057799705
内蒙古自治区,克什克腾旗,117.48,43.28,1447.887675789656
内蒙古自治区,伊克昭盟,110,39.83,1107.7124304421181
内蒙古自治区,东胜县,110,39.83,1107.7124304421181
内蒙古自治区,准格尔旗,111.13,39.68,1059.8066745498481
内蒙古自治区,乌审旗,109.03,38.38,999.7753899735004
内蒙古自治区,伊金霍洛旗,109.77,39.25,1056.1510189459661
内蒙古自治区,鄂托克旗,107.97,39.12,1118.2834395122627
内蒙古自治区,鄂托克前旗,107.43,38.18,1060.8230999955676
内蒙古自治区,杭锦旗,108.7,39.83,1154.62944684105
内蒙古自治区,达拉特旗,110.02,40.42,1168.2627813176946
内蒙古自治区,临河,107.37,40.78,1302.2027816574346
内蒙古自治区,五原,108.28,41.12,1298.5998111197255
内蒙古自治区,磴口,106.98,40.33,1277.3978711481716
内蒙古自治区,杭锦后旗,107.12,40.88,1322.6405939058473
内蒙古自治区,乌拉特中旗,108.52,41.55,1333.053499020828
内蒙古自治区,乌拉特前旗,108.65,40.75,1247.8967400711892
内蒙古自治区,乌拉特后旗,108.52,40.88,1265.7070501645615
内蒙古自治区,阿拉善左旗,105.68,38.85,1216.9023283109077
内蒙古自治区,阿拉善右旗,101.68,39.2,1502.1862316241052
内蒙古自治区,额济纳旗,100.88,41.9,1745.0109825646182
内蒙古自治区,乌兰浩特,122.08,46.07,1857.1001680388745
内蒙古自治区,突泉,121.5,45.4,1770.7224250111303
吉林省,长春,125.35,43.88,1776.8337590761603
吉林省,吉林,126.57,43.87,1836.888969987832
吉林省,农安,125.15,44.45,1818.773103154735
吉林省,德惠,125.68,44.52,1849.7156458308002
吉林省,榆树,126.55,44.83,1918.8674559760552
吉林省,九台,126.83,44.15,1874.137916589223
吉林省,双阳,125.68,43.53,1762.2314720775198
吉林省,永吉,126.57,43.87,1836.888969987832
吉林省,舒兰,126.97,44.4,1902.6197430681043
吉林省,蛟河,127.33,43.75,1867.0365533863182
吉林省,桦甸,126.72,42.97,1769.6230832376305
吉林省,磐石,126.03,42.93,1728.9196206976435
吉林省,延吉,129.52,42.93,1930.5509162750861
吉林省,汪清,129.75,43.32,1973.1040963473251
吉林省,珲春,130.35,42.85,1976.950499112329
吉林省,图们,129.83,42.98,1953.3894073074127
吉林省,和龙,129,42.52,1868.5411575674623
吉林省,安图,128.3,42.58,1830.1466293793435
吉林省,敦化,128.18,43.35,1882.2995485854335
吉林省,通化,125.92,41.49,1604.5061452508087
吉林省,柳河,125.7,40.88,1543.2656706585153
吉林省,海龙,125.65,42.53,1674.9056895443002
吉林省,辉南,126.03,42.68,1707.9492053570386
吉林省,靖宇,126.8,42.38,1726.3510167244624
吉林省,浑江,126.4,41.97,1670.620186127336
吉林省,抚松,127.27,42.33,1749.6642383725862
吉林省,集安,126.17,41.15,1592.4899018704507
吉林省,长白,128.17,41.43,1737.5923716265943
吉林省,四平,124.37,43.17,1666.323431552394
吉林省,梨树,124.33,43.32,1678.0528136892249
吉林省,怀德,124.82,43.5,1717.4481879783068
吉林省,伊通,125.32,43.33,1726.732115775978
吉林省,辽源,125.15,42.97,1686.684679242367
吉林省,东丰,125.5,42.68,1679.676044916757
吉林省,双辽,123.5,43.52,1659.259545741721
吉林省,白城,122.82,45.63,1837.3334510784814
吉林省,大安,124.18,45.5,1875.4584179754406
吉林省,扶余,124.82,45.2,1873.4076061461399
吉林省,乾安,124.02,45,1821.2403390206196
吉林省,长岭,123.97,44.3,1752.804649955254
吉林省,通榆,123.13,44.82,1768.8453750345554
吉林省,洮安,122.75,45.35,1807.0451442035935
四川省,成都,104.06,30.67,981.9800173015494
四川省,金堂,104.32,30.88,956.7460255362205
四川省,双流,104.94,30.57,898.0761225360739
四川省,蒲江,103.29,30.2,1058.6925928845883
四川省,郫县,103.86,30.8,1000.7927286431411
四川省,新都,104.13,30.82,974.9507777479919
四川省,来易,102.15,26.9,1252.9130987771196
四川省,盐边,101.56,26.9,1307.4951576590354
四川省,温江,103.81,30.97,1005.4484206988528
四川省,灌县,103.61,31.04,1024.5747761426207
四川省,彭县,103.94,30.99,993.0513423913299
四川省,什邡,104.16,31.13,972.3108289889785
四川省,广汉,104.25,30.99,963.4691013700025
四川省,新津,103.78,30.42,1010.0027014707839
四川省,邛崃,103.47,30.42,1039.7107165004204
四川省,大邑,103.53,30.58,1033.0705599377673
四川省,崇庆,103.69,30.63,1017.5383375765851
四川省,绵阳,104.73,31.48,920.0404040319186
四川省,江油,104.7,31.8,926.1375118026994
四川省,青川,105.21,32.59,893.1118744637604
四川省,平武,104.52,32.42,952.891020435989
四川省,光元,105.86,32.44,829.9228158364782
四川省,旺苍,106.33,32.25,782.2060139919265
四川省,剑阁,105.45,32.03,859.2913871485314
四川省,梓潼,105.16,31.64,880.9451799861888
四川省,三台,105.06,31.1,886.4776637277688
四川省,盐亭,105.35,31.23,859.4771053480907
四川省,射洪,105.31,30.9,862.1792988112451
四川省,遂宁,105.58,30.52,836.9663019240255
四川省,蓬溪,105.74,30.78,821.0404141512076
四川省,中江,104.68,31.06,922.5753739043923
四川省,德阳,104.37,31.13,952.3065871166369
四川省,绵竹,104.19,31.32,970.2009515924689
四川省,安县,104.41,31.64,951.7158311757582
四川省,北川,104.44,31.89,951.6984027708585
四川省,内江,105.04,29.59,898.9004157066062
四川省,乐至,105.02,30.3,891.9684856178011
四川省,安岳,105.3,30.12,866.7124690709601
四川省,威远,104.7,29.57,931.7634787631687
四川省,资中,104.85,29.81,913.6277223495922
四川省,资阳,104.6,30.19,933.1659953344154
四川省,简阳,104.53,30.38,938.3771982953708
四川省,隆昌,105.25,29.64,877.9651396670836
四川省,宜宾,104.56,29.77,941.9848214584579
四川省,富顺,104.97,29.24,912.4232964457398
四川省,南溪,104.96,28.87,922.315069080755
四川省,江安,105.06,28.71,917.2819467699674
四川省,纳溪,105.38,28.77,885.3813232725912
四川省,泸县,105.46,28.96,872.6078089638078
四川省,合江,105.78,28.79,847.1153637830948
四川省,泸州,105.39,28.91,880.5577145947393
四川省,古蔺,105.79,28.03,872.2164909846059
四川省,叙水,105.44,28.19,898.5473491196277
四川省,长宁,104.91,28.6,934.6367209785363
四川省,兴文,105.06,28.36,928.0896910211999
四川省,琪县,104.81,28.38,950.851082935515
四川省,高县,104.52,28.4,977.4357256573616
四川省,筠连,104.53,28.16,984.3511519892492
四川省,屏由,104.15,28.68,1004.118834412087
四川省,乐由,103.73,29.59,1024.2633030842646
四川省,夹江,103.59,29.75,1035.2170383875728
四川省,洪雅,103.38,29.95,1052.7081842446808
四川省,丹棱,103.53,30.04,1037.2881775332246
四川省,青神,103.81,29.86,1012.613468901371
四川省,眉由,103.81,30.05,1010.3280818778329
四川省,彭由,103.83,30.22,1006.7340066297503
四川省,井研,104.06,29.67,991.3850409774578
四川省,仁寿,104.09,30,984.0384824790103
四川省,犍为,103.93,29.21,1012.223277136891
四川省,沐川,103.98,28.96,1013.0681618141377
四川省,娥眉,103.5,29.62,1045.8073930632486
四川省,马边,103.53,28.87,1058.046284762208
四川省,峨边,103.25,29.23,1076.7469488185318
四川省,金口,103.13,29.24,1088.0144220633322
四川省,涪陵,107.36,29.7,675.3568403826963
四川省,垫江,107.34,30.36,669.0780516191797
四川省,丰都,107.7,29.89,639.6802015054207
四川省,石柱,108.13,29.98,597.2347719619983
四川省,秀山,108.97,28.47,565.4047460492219
四川省,西阳,108.75,28.85,568.8530588363715
四川省,黔江,108.81,29.53,541.3684904661025
四川省,彭水,108.19,29.29,606.1407063890289
四川省,武隆,108.72,29.29,556.4568646103281
四川省,南川,107.13,29.15,709.7724485119627
四川省,万县,108.35,30.83,571.6031177640416
四川省,开县,108.39,31.23,571.0444422079273
四川省,城口,108.67,31.98,560.7311568890773
四川省,巫溪,109.6,31.42,460.5530196020913
四川省,巫山,109.86,31.1,430.2998539466847
四川省,奉节,109.52,31.06,461.9519159514796
四川省,云阳,108.89,30.99,521.0770882647587
四川省,忠县,108.03,30.33,603.110135446911
四川省,梁平,107.78,30.66,625.8579273336298
四川省,南允,106.06,30.8,790.4387077065437
四川省,苍溪,105.96,31.75,807.1006174348737
四川省,阆中,105.97,31.75,806.1623097457787
四川省,仪陇,106.38,31.52,764.4849510467948
四川省,南部,106.03,31.34,795.7093739890557
四川省,西允,105.84,31.01,811.8236632803435
四川省,营山,106.57,31.07,742.5044108533793
四川省,蓬安,106.44,31.04,754.7405180119922
四川省,广安,106.61,30.48,738.4241626686712
四川省,岳池,106.43,30.55,755.4003659651944
四川省,武胜,106.3,30.38,768.679374047882
四川省,华云,106.74,30.41,726.3131821454537
四川省,达县,107.49,31.23,656.2786231345975
四川省,万源,108.06,32.07,618.937845205188
四川省,宜汉,107.71,31.39,637.3614454085732
四川省,开江,107.87,31.1,619.0080361314241
四川省,邻水,106.91,30.36,710.3127371679719
四川省,大竹,107.21,30.75,680.4252297053712
四川省,渠县,106.94,30.85,706.3806633435078
四川省,南江,106.83,32.36,739.1670319721279
四川省,巴中,106.73,31.86,736.913642396566
四川省,平昌,107.11,31.59,696.7390528807491
四川省,通江,108.24,31.95,599.1918231398146
四川省,百沙,108.18,32,606.0352022157547
四川省,雅安,102.97,29.97,1091.7862413306361
四川省,芦山,102.91,30.17,1095.4094629975518
四川省,名山,103.06,30.09,1081.8242355501993
四川省,荣经,102.81,29.79,1109.4225552697314
四川省,汉源,102.66,29.4,1129.9561200455441
四川省,石棉,102.38,29.21,1160.3119918243362
四川省,天全,102.78,30.09,1108.6746126918952
四川省,宝兴,102.84,30.36,1100.506149691082
四川省,马尔康,102.22,31.92,1160.8243677893938
四川省,红原,102.55,31.79,1128.6180082891876
四川省,阿坝,101.72,31.93,1208.0134305073825
四川省,若尔盖,102.94,33.62,1125.960149328632
四川省,黑水,102.95,32.06,1093.6268396749913
四川省,松潘,103.61,32.64,1041.2921616281096
四川省,南坪,104.19,33.23,1002.594157588924
四川省,汶川,103.61,31.46,1026.0265945149033
四川省,理县,103.16,31.42,1068.4999189393977
四川省,小金,102.34,30.97,1145.757153211618
四川省,金川,102.03,31.48,1175.9909011509626
四川省,壤塘,100.97,32.3,1281.9078307957566
四川省,茂汶,103.89,31.67,1001.0966490263886
四川省,康定,101.95,30.04,1188.8025698026734
四川省,炉霍,100.65,31.38,1306.7781505808468
四川省,甘孜,99.96,31.64,1372.78933990043
四川省,新龙,100.28,30.96,1342.3781280739847
四川省,白玉,98.83,32.23,1482.1918639092203
四川省,德格,98.57,31.81,1504.8283663979912
四川省,石渠,98.06,33.01,1561.0963991384422
四川省,色达,100.35,32.3,1340.0169704937668
四川省,泸定,102.25,29.92,1161.431584312656
四川省,丹巴,101.87,30.85,1190.8730401009348
四川省,九龙,101.53,29.01,1245.6589265773187
四川省,雅江,101,30.03,1280.0075388014309
四川省,道孚,101.14,30.99,1260.2423747853318
四川省,理塘,100.28,30.03,1349.0403139860205
四川省,乡城,99.78,28.93,1414.73432388536
四川省,稻城,100.31,29.04,1361.7539491341513
四川省,巴塘,99,30,1472.09667179401
四川省,得荣,99.25,28.71,1470.1896885558397
四川省,西昌,102.29,27.92,1202.4410006855446
四川省,昭觉,102.83,28.03,1148.0773583034857
四川省,甘洛,102.74,28.96,1131.194416007629
四川省,雷波,103.62,28.21,1068.0248786631703
四川省,宁南,102.76,27.07,1189.6825577337177
四川省,会东,102.55,26.74,1222.8707854295776
四川省,会理,102.21,26.67,1257.0587343425047
四川省,德昌,102.15,27.4,1233.4856302831502
四川省,美姑,103.14,28.33,1109.6030489696354
四川省,金阳,103.22,27.73,1121.688138089676
四川省,布拖,102.8,27.7,1161.9868909381585
四川省,普格,102.52,27.38,1199.7511988028564
四川省,喜德,102.42,28.33,1177.7157358262227
四川省,越西,102.49,28.66,1162.1894685215807
四川省,盐源,101.51,27.42,1292.6113029149703
四川省,冕宁,102.15,28.58,1196.5703688502704
四川省,木里,101.25,27.9,1301.1954051204161
天津市,天津,117.2,39.13,994.0150895581105
天津市,宁河,117.83,39.33,1031.7586649118387
天津市,静海,116.92,38.93,966.0409477729501
天津市,蓟县,117.4,40.05,1097.1934140895885
天津市,宝坻,117.3,39.75,1062.7330048930298
天津市,武清,117.05,39.4,1019.4808466053835
宁夏回族自治区,银川,106.27,38.47,1151.0549109658382
宁夏回族自治区,永宁,106.24,38.28,1137.251082190504
宁夏回族自治区,贺兰,106.35,38.55,1153.036140242231
宁夏回族自治区,石嘴山,106.39,39.04,1192.1762682906815
宁夏回族自治区,平罗,106.54,38.91,1172.7507161370613
宁夏回族自治区,陶乐,106.69,38.82,1156.7544323967927
宁夏回族自治区,吴忠,106.21,37.99,1115.6854664714494
宁夏回族自治区,同心,105.94,36.97,1055.4533777638985
宁夏回族自治区,灵武,106.34,38.1,1116.6474209555327
宁夏回族自治区,中宁,105.66,37.48,1111.4517090947786
宁夏回族自治区,盐池,107.41,37.78,1027.509862147871
宁夏回族自治区,中卫,105.18,37.51,1145.699160607912
宁夏回族自治区,青铜峡,106.07,38.02,1126.6667145986714
宁夏回族自治区,固原,106.28,36.01,964.8235020982927
宁夏回族自治区,西吉,105.7,35.97,1004.5657779538554
宁夏回族自治区,泾源,106.33,35.5,928.0039238831522
宁夏回族自治区,海原,105.64,36.56,1047.589567139304
宁夏回族自治区,隆德,106.11,35.63,952.6173635618075
安徽省,合肥,117.27,31.86,318.89422669972174
安徽省,长丰,117.16,32.47,346.8206204180585
安徽省,淮南,116.98,32.62,344.61283412984284
安徽省,凤台,116.71,32.68,331.03097496766316
安徽省,淮北,116.77,33.97,448.44428870186806
安徽省,濉溪,116.76,33.92,443.23065375660985
安徽省,芜湖,118.38,31.33,398.95701638101946
安徽省,铜陵,117.82,30.93,338.9559035101982
安徽省,蚌埠,117.34,32.93,392.75201927168575
安徽省,马鞍山,118.48,31.56,414.2056624102338
安徽省,安庆,117.03,30.52,260.8318675271483
安徽省,宿州,116.97,33.63,427.52285882795326
安徽省,宿县,116.97,33.63,427.52285882795326
安徽省,砀山,116.34,34.42,474.12945129555504
安徽省,萧县,116.93,34.19,477.03226065653945
安徽省,吴壁,117.55,33.55,455.19283559253324
安徽省,泗县,117.89,33.49,472.7074313489557
安徽省,五河,117.87,33.14,445.397093477749
安徽省,固镇,117.32,33.33,422.71213222847604
安徽省,怀远,117.19,32.95,384.04794528390784
安徽省,滁州,118.31,32.33,430.0353005532667
安徽省,嘉山,117.98,32.78,429.1844813001606
安徽省,天长,119,32.68,505.44369418154236
安徽省,来安,118.44,32.44,446.5015909200638
安徽省,全椒,118.27,32.1,415.6310048797394
安徽省,定远,117.68,32.52,389.6252998643379
安徽省,凤阳,117.4,32.86,391.77885091512286
安徽省,巢湖,117.87,31.62,360.8309913580343
安徽省,巢县,117.87,31.62,360.8309913580343
安徽省,肥东,117.47,31.89,337.2970242686737
安徽省,含山,118.11,31.7,385.2307907268582
安徽省,和县,118.37,31.7,408.6088977798347
安徽省,无为,117.75,31.3,339.8144491396682
安徽省,卢江,117.29,31.23,295.4766576882995
安徽省,宣城,118.73,31.95,449.77240022165813
安徽省,当涂,118.49,31.55,414.8325989435821
安徽省,郎溪,119.17,31.14,469.6211573174236
安徽省,广德,119.41,30.89,489.82910133878033
安徽省,泾县,118.41,30.68,393.23278047582096
安徽省,南陵,118.32,30.91,386.1968079742082
安徽省,繁昌,118.21,31.07,377.90426587475935
安徽省,宁国,118.95,30.62,444.837922917917
安徽省,青阳,117.84,30.64,338.55476283724255
安徽省,屯溪,118.31,29.72,395.2912415810566
安徽省,休宁,118.19,29.81,381.68004515817165
安徽省,旌得,118.53,30.28,406.03738782868993
安徽省,绩溪,118.57,30.07,412.48813162204874
安徽省,歙县,118.44,29.88,403.66088303527954
安徽省,祁门,117.7,29.86,334.34385296687566
安徽省,黟县,117.92,29.93,353.3717092642327
安徽省,太平,118.13,30.28,367.7295674559455
安徽省,石台,117.48,30.19,306.7035481366477
安徽省,桐城,116.94,31.04,258.09775935408
安徽省,纵阳,117.21,30.69,278.49184079574786
安徽省,怀宁,116.63,30.41,222.93799061178754
安徽省,望江,116.69,30.12,232.99106243632048
安徽省,宿松,116.13,30.15,179.6456904175317
安徽省,太湖,116.27,30.42,188.38034128659612
安徽省,岳西,116.36,30.84,199.4665747610408
安徽省,潜山,116.53,30.62,213.06788771212516
安徽省,东至,116.99,30.08,262.1906472652799
安徽省,贵池,117.48,30.66,304.16173062377425
安徽省,六安,116.49,31.73,247.57789933301973
安徽省,霍丘,116.27,32.32,273.51629148425457
安徽省,寿县,116.78,32.57,327.0664236325116
安徽省,肥西,117.15,31.7,300.85187858190795
安徽省,舒城,116.94,31.45,271.4946047211001
安徽省,霍山,116.32,31.38,214.44309331814975
安徽省,金寨,115.87,31.67,196.21406061106663
安徽省,阜阳,115.81,32.89,299.6320715000661
安徽省,毫县,116.76,33.86,437.58247546646504
安徽省,涡阳,116.21,33.49,376.1140695377123
安徽省,蒙城,116.55,33.25,370.35980511364716
安徽省,利辛,116.19,33.12,339.67672950381814
安徽省,颖上,116.26,32.62,298.0687296598305
安徽省,阜南,115.6,32.63,264.829171862297
安徽省,临泉,115.24,33.06,296.12331199911307
安徽省,界首,115.34,33.24,318.05174330084805
安徽省,太和,115.61,33.16,318.55234031946515
山东省,济南,117,36.65,726.4595231361051
山东省,历城,117.07,36.69,732.8582726836746
山东省,长清,116.73,36.55,707.742059483068
山东省,章丘,117.53,36.72,751.8221180084382
山东省,青岛,120.33,36.07,833.5558043216763
山东省,崂山,120.42,36.15,845.5850976307141
山东省,胶南,119.97,35.88,795.8934326263674
山东省,即墨,120.45,36.38,866.0368034812011
山东省,胶县,120,36.28,830.7548861148101
山东省,淄博,118.05,36.78,778.0971033652725
山东省,枣庄,117.57,34.86,571.4765574973914
山东省,滕县,117.17,35.09,574.739925886996
山东省,东营,118.49,37.46,863.2742502491337
山东省,垦利,118.54,37.59,878.1414009053318
山东省,利津,118.25,37.49,856.6293646717515
山东省,德州,116.29,37.45,792.7362496313937
山东省,宁津,116.8,37.64,825.0757593280526
山东省,乐陵,117.22,37.74,847.140976556976
山东省,商河,117.15,37.31,799.9761086820295
山东省,济阳,117.2,36.97,766.1068200432851
山东省,禹城,116.66,36.95,748.0357283143367
山东省,夏津,116,36.95,732.6415786132258
山东省,陵县,116.58,37.34,787.5396614714662
山东省,庆云,117.37,37.37,813.0733455427851
山东省,临邑,116.86,37.2,779.9845339949904
山东省,齐河,116.76,36.79,733.8816801076333
山东省,平原,116.44,37.16,764.8808697897109
山东省,武城,116.08,37.2,761.3547905848463
山东省,滨州,118.03,37.36,835.1370524533302
山东省,滨县,117.97,37.47,843.995039582026
山东省,广饶,118.41,37.04,818.7305246577881
山东省,桓台,118.12,36.95,797.7671052831859
山东省,邹平,117.75,36.89,777.2147747271514
山东省,阳信,117.58,37.65,848.867404277785
山东省,沾化,118.14,37.7,873.5266386955768
山东省,博兴,118.12,37.12,814.6277257296248
山东省,高青,117.66,37.18,803.314147357411
山东省,惠民,117.31,37.49,823.6694704268043
山东省,无棣,117.58,37.73,857.1461827819998
山东省,潍坊,119.1,36.62,811.1894358123881
山东省,潍县,119.22,36.77,831.0167458687802
山东省,平度,119.97,36.77,870.909735948214
山东省,诸城,119.42,35.99,772.4123027212905
山东省,安丘,119.2,36.42,798.1855447017895
山东省,临朐,118.53,36.5,772.1524853216582
山东省,寿光,118.73,36.86,815.6500826605143
山东省,昌邑,119.41,36.86,848.9232477908132
山东省,高密,119.75,36.38,824.7829875538486
山东省,五莲,119.2,35.74,738.311970581177
山东省,昌乐,118.83,36.69,804.3315962631914
山东省,高都,118.47,36.69,787.5002200316893
山东省,烟台,121.39,37.52,1016.1256349737444
山东省,牟平,121.59,37.38,1016.671957996134
山东省,文登,122.05,37.2,1031.1517848553808
山东省,海阳,121.17,36.76,941.0821926470587
山东省,莱阳,120.71,36.97,930.3276523631905
山东省,栖霞,120.83,37.28,963.3734058602921
山东省,掖县,119.93,37.18,904.8922020949299
山东省,长岛,120.73,37.91,1012.2972973735016
山东省,威海,122.1,37.5,1057.691608341077
山东省,福山,121.27,37.49,1006.5709499568525
山东省,荣成,122.41,37.16,1051.4286887579415
山东省,乳山,121.52,36.89,973.343371757656
山东省,莱西,120.53,36.86,910.5634872304734
山东省,招远,120.38,37.35,944.137419948532
山东省,黄县,120.51,37.64,976.6713713831091
山东省,蓬莱,120.75,37.8,1003.700199748841
山东省,临沂,118.35,35.05,630.1308400282518
山东省,沂水,118.64,35.78,710.9400252398971
山东省,日照,119.46,35.42,726.9792886673622
山东省,临沭,118.73,34.89,638.6368634987248
山东省,仓山,118.03,34.84,593.8134217924326
山东省,平邑,117.63,35.49,634.04406927079
山东省,沂源,118.17,36.18,724.9582518198906
山东省,沂南,118.47,35.54,680.2803720932528
山东省,营县,118.83,35.57,702.589290037947
山东省,莒南,118.83,35.17,668.1303325818446
山东省,郯城,118.35,34.61,592.2852897348746
山东省,费县,117.97,35.26,628.733593907578
山东省,蒙阴,117.95,35.7,668.9656793649091
山东省,泰安,117.13,36.18,682.3607621547228
山东省,莱芜,117.67,36.19,704.135117482088
山东省,肥城,116.76,36.24,676.1748979120982
山东省,平阴,116.46,36.29,672.6118964672546
山东省,新汶,117.67,35.86,671.6942793306856
山东省,新泰,117.76,35.91,680.4914381573532
山东省,宁阳,116.8,35.76,627.7233595002633
山东省,东平,116.3,35.91,627.9361857115289
山东省,济宁,116.59,35.38,581.3715863382911
山东省,兖州,116.83,35.54,606.2298279766605
山东省,泗水,117.27,35.65,634.2075296770671
山东省,鱼台,116.65,35,544.6481123046566
山东省,嘉祥,116.34,35.41,576.3817031285989
山东省,汶上,116.49,35.71,612.4064918014524
山东省,曲阜,116.98,35.59,616.8465570984048
山东省,邹县,116.97,35.39,596.278560703841
山东省,微山,117.12,34.8,544.3149623386921
山东省,金乡,116.32,35.07,540.2598400175217
山东省,荷泽,115.43,35.24,535.7459889797199
山东省,郓城,115.94,35.59,584.4914058651401
山东省,巨野,116.08,35.38,565.6808808634092
山东省,单县,116.07,34.82,506.26089726106204
山东省,曹县,115.53,34.83,493.2039354553476
山东省,鄄城,115.5,35.57,573.0094452065499
山东省,梁山,116.1,35.8,610.9421936251825
山东省,成武,115.88,34.97,516.6979964359604
山东省,定陶,115.57,35.07,520.030176392923
山东省,东明,115.08,35.31,538.0472877561689
山东省,聊城,115.97,36.45,677.8407589036196
山东省,高唐,116.23,36.86,727.7738774787359
山东省,东阿,116.23,36.32,669.7974258543264
山东省,莘县,115.67,36.24,649.1522865164934
山东省,临清,115.72,36.68,698.0517535502768
山东省,茌平,116.27,36.58,698.6216243447949
山东省,阳谷,115.78,36.11,637.0972548495085
山东省,冠县,115.45,35.47,561.2026569383116
山西省,太原,112.53,37.87,834.3987210779334
山西省,阳曲,112.65,38.05,851.980124228196
山西省,娄烦,111.78,38.05,869.8275916868572
山西省,清徐,112.33,37.62,811.1197065358483
山西省,大同,113.3,40.12,1072.574349355327
山西省,阳泉,113.57,37.85,818.8031316273427
山西省,长治,113.08,36.18,640.3461820129444
山西省,天镇,114.08,40.42,1102.2589695587305
山西省,灵丘,114.2,39.47,996.3596866489157
山西省,怀仁,113.1,39.82,1041.07813626773
山西省,山阴,112.82,39.52,1010.9953258058905
山西省,平鲁,112.12,39.53,1022.5640079310351
山西省,右玉,112.33,40.18,1090.181380453856
山西省,阳高,113.72,40.38,1098.905294329982
山西省,广灵,113.27,39.75,1031.8083854803713
山西省,浑源,113.68,39.7,1023.5135184067583
山西省,应县,113.18,39.58,1013.7712330392852
山西省,朔县,112.42,39.32,994.6126365407702
山西省,左云,112.67,40.02,1067.9275702017856
山西省,忻县,112.7,38.38,887.3183874201707
山西省,代县,112.97,39.07,959.5964021890563
山西省,五台,113.32,38.72,917.2954956910796
山西省,静乐,111.9,38.37,901.3261564679216
山西省,保德,111.09,38.01,884.6716780302702
山西省,河曲,111.17,39.38,1026.8608612747703
山西省,神池,112.17,39.1,974.8520557029407
山西省,原平,112.7,38.73,925.7069703196986
山西省,繁峙,113.28,39.2,970.801335790336
山西省,定襄,112.95,38.5,897.0125929679742
山西省,岢岚,111.58,38.7,944.1819886159403
山西省,五寨,111.82,38.93,963.397690679421
山西省,偏关,111.47,39.45,1027.1086832654719
山西省,宁武,112.28,39,961.99131350683
山西省,榆次,112.72,37.68,810.3698027272874
山西省,孟县,113.37,38.01,838.2405159959242
山西省,昔阳,113.68,37.62,792.4940225087456
山西省,左权,113.35,37.07,734.5175249122949
山西省,太谷,112.53,37.42,785.4369868498222
山西省,平遥,112.18,37.2,769.1721426146297
山西省,灵石,111.77,36.83,740.7004816451185
山西省,寿阳,113.17,37.88,825.9852141844135
山西省,平定,113.62,37.79,811.7770056697353
山西省,和顺,113.55,37.33,761.3201809957778
山西省,榆社,112.97,37.08,740.6748342141974
山西省,祁县,112.33,37.36,783.0142090922565
山西省,介休,111.88,37.03,758.6857957759847
山西省,离石,111.13,37.53,833.5236302020483
山西省,兴县,111.22,38.47,929.1178246086854
山西省,方由,111.24,37.86,864.4502180348185
山西省,岚县,111.62,38.28,898.3530880623285
山西省,交城,112.14,37.55,807.6989448449192
山西省,文水,112.02,37.42,796.5870529844965
山西省,汾阳,111.75,37.27,787.66229717413
山西省,孝义,111.8,37.12,770.4153317925095
山西省,交口,111.2,36.97,773.4339217509636
山西省,石楼,110.83,37,789.8130013560434
山西省,中阳,111.17,37.37,815.6627157389067
山西省,临县,110.95,37.95,882.8324494754862
山西省,柳林,110.85,37.45,834.7582001473635
山西省,襄垣,113.02,36.55,681.8228564402207
山西省,黎城,113.4,36.56,677.6391508385001
山西省,壶关,113.23,35.11,520.8389833654621
山西省,高平,112.88,35.48,568.0333789810308
山西省,阳城,112.38,35.84,618.8734600614359
山西省,长子,112.87,36.13,638.6785538570167
山西省,沁源,112.32,36.5,690.7875077532743
山西省,潞城,113.22,36.33,654.6310183917335
山西省,武乡,112.83,36.83,715.6506510107406
山西省,平顺,113.43,36.19,636.4533112069857
山西省,陵川,113.27,35.78,593.496319473801
山西省,晋城,112.83,35.52,573.4598191297029
山西省,沁水,112.15,35.67,607.6038767702408
山西省,屯留,112.87,36.32,659.3432282497602
山西省,沁县,112.68,36.75,709.7469506238128
山西省,临汾,111.5,36.08,671.7957343277575
山西省,汾西,111.53,36.63,727.2896220942476
山西省,安泽,112.2,36.15,656.6780960885205
山西省,古县,111.9,36.29,680.1651984973792
山西省,翼城,111.68,35.73,629.5957078710849
山西省,曲沃,111.33,35.63,633.0336364644712
山西省,吉县,110.65,36.12,710.1403192190178
山西省,大宁,110.72,36.47,741.3070207157472
山西省,侯马,111.45,35.03,568.8808402237433
山西省,永和,110.64,36.62,759.4172945269012
山西省,洪洞,111.68,36.25,683.0149294408777
山西省,霍县,111.72,36.57,714.9792083389556
山西省,浮山,111.83,35.97,649.0679996163034
山西省,襄汾,111.43,35.86,652.0935781299919
山西省,乡宁,110.8,35.97,688.9602677176695
山西省,蒲县,111.07,36.42,722.2842961872205
山西省,运城,110.97,35.03,591.3229306313451
山西省,闻喜,111.2,35.37,613.0090231406256
山西省,垣曲,111.63,35.3,588.0332553120868
山西省,芮城,110.68,34.71,577.304649011542
山西省,临猗,110.78,35.15,611.98037420881
山西省,新绛,111.22,35.62,636.6133991479554
山西省,河津,110.7,35.58,656.1729883102868
山西省,夏县,111.22,35.12,587.9373466663984
山西省,绛县,111.58,35.48,608.0533152197526
山西省,平陆,111.2,34.12,496.11369392882466
山西省,永济,110.42,34.88,606.7931489973448
山西省,万荣,110.83,35.42,634.8269441519717
山西省,稷山,110.97,35.6,645.5560681386075
广西壮族自治区,南宁,108.33,22.84,1041.017600042821
广西壮族自治区,柳州,109.4,24.33,842.4613777040242
广西壮族自治区,桂林,110.28,25.29,704.2150290791317
广西壮族自治区,梧州,111.34,23.51,833.9694899171362
广西壮族自治区,凭祥,106.75,22.11,1201.4958953655914
广西壮族自治区,邕宁,108.49,22.74,1041.4047778880838
广西壮族自治区,武鸣,108.27,23.17,1014.0996004004103
广西壮族自治区,马山,108.2,23.73,967.9550979508331
广西壮族自治区,上林,108.59,23.44,970.7625483984796
广西壮族自治区,宾阳,108.8,23.22,979.2736349455624
广西壮族自治区,横县,109.2,22.69,1008.8041895166081
广西壮族自治区,扶绥,107.92,22.65,1082.1171046050363
广西壮族自治区,崇左,107.37,22.42,1135.694042157938
广西壮族自治区,宁明,107.08,22.12,1180.2754855039752
广西壮族自治区,龙州,106.84,22.36,1173.7695746061759
广西壮族自治区,大新,107.21,22.85,1107.369796840986
广西壮族自治区,天等,107.12,23.08,1093.1272830445787
广西壮族自治区,隆安,107.68,23.18,1048.845137550441
广西壮族自治区,河池,108.06,24.7,893.9600566375418
广西壮族自治区,环江,108.26,24.83,869.6745331106624
广西壮族自治区,罗城,108.9,24.79,831.2302565044081
广西壮族自治区,宜山,108.64,24.47,875.4847029870829
广西壮族自治区,东兰,107.36,24.53,956.2718441495458
广西壮族自治区,凤山,107.05,24.55,976.8514936011709
广西壮族自治区,天峨,107.16,25.01,933.4956967942226
广西壮族自治区,南丹,107.54,24.98,907.9725646229499
广西壮族自治区,都安,108.09,23.94,956.4291476489865
广西壮族自治区,巴马,107.25,24.15,994.5948903059137
广西壮族自治区,合山,108.89,23.82,918.570974366989
广西壮族自治区,柳城,109.24,24.67,820.8791430696841
广西壮族自治区,融安,109.37,24.24,852.4729914445485
广西壮族自治区,鹿寨,109.74,24.49,808.5966444670692
广西壮族自治区,象州,109.7,23.98,858.9188200465238
广西壮族自治区,武宜,109.66,23.6,897.4510043122903
广西壮族自治区,柳江,109.34,24.27,851.4044404653611
广西壮族自治区,来宾,109.24,23.76,904.422738624115
广西壮族自治区,忻城,108.66,24.07,909.5548039345031
广西壮族自治区,融水,109.24,25.07,785.4718524291007
广西壮族自治区,三江,109.58,25.8,700.94023996683
广西壮族自治区,金秀,110.18,24.14,819.0848311810481
广西壮族自治区,临桂,110.22,25.22,714.0450902936144
广西壮族自治区,灵川,110.33,25.42,689.3709046718767
广西壮族自治区,兴安,110.66,25.6,654.5018900312298
广西壮族自治区,资源,110.66,26.03,614.6048357825947
广西壮族自治区,全州,111.06,25.96,599.2953553620674
广西壮族自治区,灌阳,111.14,25.49,640.6870960162483
广西壮族自治区,恭城,110.81,24.85,719.1929788341625
广西壮族自治区,平乐,110.66,24.64,746.9501297846488
广西壮族自治区,荔浦,110.38,24.51,773.2291991345055
广西壮族自治区,永福,109.98,24.99,748.7537423675271
广西壮族自治区,龙胜,110.02,25.78,674.9183513731102
广西壮族自治区,苍悟,111.22,23.51,838.2367034489374
广西壮族自治区,钟山,111.3,24.53,729.9122090356865
广西壮族自治区,富川,110.26,24.83,748.5754020473452
广西壮族自治区,贺县,111.54,24.44,729.9284297131417
广西壮族自治区,岑溪,111,22.95,904.5064817003847
广西壮族自治区,藤县,110.9,23.36,865.7549847194014
广西壮族自治区,蒙山,110.54,24.22,794.0262135448734
广西壮族自治区,昭平,110.8,24.18,786.3345264589798
广西壮族自治区,玉林,110.14,22.64,970.2197017293971
广西壮族自治区,桂平,110.07,23.38,899.075501616742
广西壮族自治区,平南,110.4,23.55,867.1696439108194
广西壮族自治区,容县,110.53,22.87,930.677510763256
广西壮族自治区,北流,110.33,22.71,955.1571642281425
广西壮族自治区,陆川,110.25,22.33,997.2563547560189
广西壮族自治区,博白,109.98,22.27,1014.5315235454524
广西壮族自治区,贵县,109.6,23.11,948.0613550070507
广西壮族自治区,北海,109.12,21.49,1130.9682580769202
广西壮族自治区,钦州,108.61,21.96,1109.4262104358415
广西壮族自治区,灵山,109.29,22.44,1028.8210445025304
广西壮族自治区,浦北,109.56,22.27,1032.9912104963119
广西壮族自治区,合浦,109.2,21.33,1143.3817961656196
广西壮族自治区,上思,107.98,22.16,1124.07669706613
广西壮族自治区,防城,108.35,21.78,1140.1900427176631
广西壮族自治区,百色,106.62,23.91,1058.1325097587446
广西壮族自治区,凌云,106.55,24.35,1028.7567032674935
广西壮族自治区,乐业,106.56,24.78,995.5946351102393
广西壮族自治区,田阳,106.9,23.75,1051.459700336272
广西壮族自治区,田东,107.12,23.62,1047.2343223310768
广西壮族自治区,平果,107.59,23.33,1041.3145825681113
广西壮族自治区,德保,106.6,23.34,1105.817077933996
广西壮族自治区,靖西,106.41,23.15,1134.5390183742036
广西壮族自治区,那坡,105.85,23.42,1152.0883555492712
广西壮族自治区,西林,105.08,24.51,1129.7038580761377
广西壮族自治区,田林,106.24,24.31,1054.741362194429
广西壮族自治区,隆林,105.34,24.8,1089.089982566741
江苏省,南京,118.78,32.04,457.6415035596169
江苏省,江宁,118.83,31.95,458.6847074149352
江苏省,六合,118.83,32.36,475.5915385508943
江苏省,江浦,118.62,32.07,444.761097008221
江苏省,徐州,117.2,34.26,497.0638186196484
江苏省,连云港,119.16,34.59,641.9736233116942
江苏省,南通,120.86,32.01,644.8228602155431
江苏省,苏州,120.62,31.32,609.0564777408805
江苏省,无锡,120.29,31.59,582.5008009481533
江苏省,常州,119.95,31.79,555.4990273899106
江苏省,丰县,116.57,34.79,520.3464719872829
江苏省,沛县,116.93,34.73,529.0673776805022
江苏省,赣榆,119.11,34.83,657.4526200146706
江苏省,东海,118.75,34.54,611.3326452415803
江苏省,新沂,118.33,34.38,571.9311387828584
江苏省,邳县,117.97,34.3,543.3860419764325
江苏省,睢宁,117.94,33.89,507.5025371154574
江苏省,铜山,117.2,34.26,497.0638186196484
江苏省,清江,119.02,33.59,560.4735422180261
江苏省,灌云,119.23,34.3,625.018974066386
江苏省,灌南,119.36,34.09,619.2732449142145
江苏省,沭阳,118.79,34.12,581.4336582164594
江苏省,宿迁,118.3,33.96,536.3500958417418
江苏省,泗阳,118.68,33.73,545.2510985664225
江苏省,盱眙,118.05,33,448.8570244037502
江苏省,涟水,119.26,33.77,590.2574232732876
江苏省,淮阴,119.02,33.62,562.4566945945397
江苏省,淮安,119.15,33.5,564.4788747725208
江苏省,洪泽,118.85,33.28,527.6248718289086
江苏省,泗洪,118.23,33.46,493.9729842854243
江苏省,金湖,119.02,33.01,524.8364981606773
江苏省,盐城,120.13,33.38,635.1052240040734
江苏省,滨海,119.84,34.01,649.3499954769377
江苏省,阜宁,119.79,33.78,631.0640442602479
江苏省,射阳,120.26,33.77,667.1884125744974
江苏省,建湖,119.77,33.46,610.4691855322314
江苏省,响水,119.56,34.2,641.319817779857
江苏省,大丰,120.45,33.19,652.0478949876041
江苏省,东台,120.31,32.84,624.1747315696867
江苏省,海安,120.45,32.57,625.4742485116203
江苏省,如皋,120.56,32.39,628.826435877446
江苏省,如东,121.18,32.33,682.832055351272
江苏省,启东,121.66,31.8,714.349196627112
江苏省,海门,121.15,31.89,668.7469188228388
江苏省,南通,120.86,32.01,644.8228602155431
江苏省,扬州,119.42,32.39,527.9352648441554
江苏省,宝应,119.32,33.23,561.4122009118811
江苏省,兴化,119.82,32.93,586.5351079131395
江苏省,高邮,119.45,32.78,548.1166914607675
江苏省,泰兴,120.02,32.16,572.672239614815
江苏省,泰县,120.15,32.51,596.7345844442527
江苏省,泰州,119.9,32.49,573.9813259615607
江苏省,靖江,120.26,32.03,590.4315937969151
江苏省,江都,119.55,32.43,540.9324402303004
江苏省,邗江,119.42,32.39,527.9352648441554
江苏省,仪征,119.16,32.27,500.26957526636744
江苏省,镇江,119.44,32.2,522.2000079861117
江苏省,丹徒,119.44,32.2,522.2000079861117
江苏省,扬中,119.81,32.24,556.5785126554052
江苏省,丹阳,119.55,32,525.0704032692126
江苏省,武进,119.95,31.78,555.2445514753311
江苏省,宜兴,119.82,31.36,534.2746863920709
江苏省,金坛,119.56,31.74,518.3102243999604
江苏省,溧阳,119.48,31.43,503.6844880849925
江苏省,句容,119.16,31.95,488.2563734002982
江苏省,溧水,119.02,31.65,466.26424253504206
江苏省,高淳,118.87,31.32,444.452987574275
江苏省,江阴,120.26,31.91,587.1206729816007
江苏省,沙洲,120.55,31.86,612.5602472295187
江苏省,常熟,120.74,31.64,625.4774696554973
江苏省,太仓,121.1,31.45,656.1036928205475
江苏省,昆山,120.95,31.39,641.1341990227689
江苏省,吴县,120.62,31.32,609.0564777408805
江苏省,吴江,120.63,31.16,608.160719756608
江西省,南昌,115.89,28.68,255.61300310702774
江西省,新建,115.8,28.69,249.58596452978918
江西省,景德镇,117.22,29.3,311.896571528903
江西省,萍乡,113.85,27.6,328.1189869671888
江西省,九江,115.97,29.71,183.52189786512417
江西省,彭泽,116.56,29.9,227.18381497943375
江西省,湖口,116.23,29.75,203.74870340209654
江西省,都昌,116.19,29.29,227.28015693841255
江西省,星子,116.03,29.47,202.87523616985445
江西省,永修,115.82,29.04,220.05884795687888
江西省,德安,115.75,29.33,191.95808705775914
江西省,瑞昌,115.65,29.68,159.36657367817233
江西省,武宁,115.09,29.26,159.18578121321497
江西省,修永,114.55,29.04,166.3765152512029
江西省,上饶,117.97,28.47,421.66384713636427
江西省,婺源,117.83,29.25,367.9563939638624
江西省,德兴,117.58,28.96,360.60749287357334
江西省,玉山,118.25,28.68,432.84047408339546
江西省,广丰,118.2,28.45,441.7524036878281
江西省,铅山,117.71,28.32,410.64697491814087
江西省,横峰,117.62,28.42,396.8971588213282
江西省,鹰潭,117.02,28.23,366.161819526922
江西省,贵溪,117.2,28.3,373.61973121397295
江西省,余江,116.82,28.22,353.3099741173477
江西省,万年,117.08,28.7,336.00954990169123
江西省,乐平,117.12,28.97,321.748341900347
江西省,波阳,116.68,29,284.74213285724204
江西省,于干,116.69,28.7,306.7473017741253
江西省,弋阳,117.43,28.42,382.172993893064
江西省,宜春,114.38,27.81,301.75252146979335
江西省,万载,114.44,28.11,268.5764700181741
江西省,铜鼓,114.37,28.53,221.6019962063033
江西省,宜丰,114.78,28.4,240.35294561861343
江西省,上高,114.91,28.25,259.30883409620435
江西省,安义,115.55,28.86,220.28354028385687
江西省,奉新,115.38,28.71,226.53621876856718
江西省,高安,115.38,28.42,255.73459597256956
江西省,丰城,115.7,28.19,292.3334563918623
江西省,清江,115.54,28.07,297.7214526306654
江西省,新余,114.92,27.81,307.44597659673633
江西省,分宜,114.68,27.82,302.70593152965387
江西省,靖安,115.37,28.88,209.36527425589247
江西省,抚州,116.34,28,342.85244130093713
江西省,临川,116.29,27.95,344.71558815566146
江西省,金溪,116.77,27.92,375.3262486235575
江西省,资溪,117.06,27.7,412.37174745896516
江西省,黎川,116.91,27.3,438.91094484763755
江西省,南丰,116.52,27.22,425.83794717607924
江西省,南城,116.62,27.56,398.86666605596747
江西省,宜黄,116.2,27.55,378.3278657323266
江西省,崇仁,116.05,27.75,351.7047974209441
江西省,乐安,115.82,27.44,373.05200322158476
江西省,东乡,116.61,28.23,338.74947694363783
江西省,进贤,116.26,28.37,304.96997864002077
江西省,吉安,114.97,27.12,383.918096576776
江西省,新干,115.4,27.77,323.9464477882249
江西省,峡江,115.15,27.56,339.4916770118817
江西省,吉水,115.14,27.22,376.1548506006939
江西省,永丰,115.42,27.33,371.2050069822271
江西省,泰和,114.88,26.81,416.7287056086248
江西省,万安,114.77,26.47,453.0827701634855
江西省,遂川,114.5,26.33,466.7991008656075
江西省,宁冈,113.97,26.71,425.4257975292459
江西省,永新,114.23,26.96,396.3742603996848
江西省,莲花,113.94,27.14,377.9851390657424
江西省,安福,114.62,27.39,349.7353241600069
江西省,井冈山,114.17,26.57,439.9248987879353
江西省,赣州,114.92,25.85,523.2926795554519
江西省,广昌,116.32,26.84,454.23098341744867
江西省,石城,116.32,26.34,505.1759788852324
江西省,宁都,116,26.46,481.23074694168884
江西省,兴国,115.33,26.32,478.07874216978456
江西省,于都,115.39,25.96,518.5381104632194
江西省,瑞金,116.02,25.89,541.9954190638074
江西省,会昌,115.79,25.58,568.7942747887129
江西省,安远,115.41,25.15,607.5007237001929
江西省,寻乌,115.64,24.96,632.6362019045464
江西省,定南,115.02,24.7,651.6480313705506
江西省,龙南,114.79,24.91,626.2886580435157
江西省,全南,114.53,24.76,641.5666388430001
江西省,信丰,114.94,25.39,574.4150187632815
江西省,赣县,114.02,25.85,520.63937889936
江西省,南康,114.75,25.66,542.7337189727449
江西省,上犹,114.55,25.8,525.9551322651824
江西省,崇义,114.31,25.69,537.6731405315112
江西省,大余,114.36,25.39,571.0901252026742
河北省,石家庄,114.48,38.03,836.1551199240574
河北省,唐山,118.02,39.63,1068.6771296775526
河北省,行唐,114.54,38.42,879.6762912605351
河北省,灵寿,114.38,38.31,867.2025715909839
河北省,束鹿,115.18,37.94,829.849779626128
河北省,晋县,115.03,38.03,838.6198334913033
河北省,藁城,114.84,38.03,837.4248900710918
河北省,高邑,114.58,37.62,790.7592372944955
河北省,赵县,114.78,37.76,807.111944649868
河北省,井陉,114.13,38.03,836.1727688603936
河北省,获鹿,114.03,38.08,841.967799751834
河北省,新乐,114.67,38.33,870.031089234922
河北省,正定,114.56,38.13,847.4519424414889
河北省,深泽,115.2,38.2,858.8227644646352
河北省,无极,114.96,38.16,852.5694403010141
河北省,赞皇,114.35,37.65,793.7165104541681
河北省,元氏,114.5,37.74,803.9167899835508
河北省,栾城,114.64,38.87,930.006216302299
河北省,平山,114.24,38.2,854.9578019863669
河北省,邯郸,114.47,36.6,676.9848676242503
河北省,永年,114.5,36.77,695.9690708842551
河北省,曲周,114.92,36.78,699.14355936722
河北省,馆陶,115.4,36.47,670.019730480115
河北省,魏县,114.94,36.37,653.8377155578726
河北省,成安,114.68,36.43,658.7928007762451
河北省,大名,115.14,36.28,645.8143284259432
河北省,涉县,113.67,36.57,676.0898452040462
河北省,鸡泽,113.85,36.95,717.0468489220857
河北省,丘县,115.18,36.84,708.1292339060669
河北省,广平,114.94,36.49,667.1398498978056
河北省,肥乡,114.8,36.56,673.9017946186304
河北省,临漳,114.62,36.35,649.6299857445845
河北省,磁县,114.37,36.37,651.2428208651248
河北省,武安,114.2,36.7,688.0298651287872
河北省,邢台,114.48,37.05,727.085985687161
河北省,柏乡,114.68,37.49,776.6455881202157
河北省,宁普,114.9,37.62,792.2329774355873
河北省,隆尧,114.75,37.35,761.3943358846478
河北省,临西,115.5,36.87,715.3991072606561
河北省,南官,115.37,37.37,768.7783360067039
河北省,巨鹿,115.03,37.22,748.7957304079164
河北省,任县,114.68,37.11,734.3911114305525
河北省,沙河,114.52,36.94,714.9348828326929
河北省,临城,114.5,37.43,769.4170567962395
河北省,内丘,114.5,37.28,752.7239423414738
河北省,新河,115.22,37.53,784.8397984199847
河北省,清河,115.67,37.07,739.890180733625
河北省,威县,115.08,36.97,721.530906666043
河北省,广宗,115.14,37.06,732.0575450513602
河北省,平乡,115.02,37.06,730.9791816409017
河北省,南和,114.71,37,722.2972057636091
河北省,保定,115.48,38.85,933.4291340591635
河北省,涞水,115.71,39.39,995.5909624045922
河北省,涿县,115.98,39.48,1008.9225129083572
河北省,定兴,115.78,39.28,984.3068474567995
河北省,容城,115.86,39.06,961.1236121464258
河北省,安新,115.92,38.92,946.5659715330863
河北省,蠡县,115.58,38.49,894.8033194646904
河北省,博野,115.46,38.46,890.1282810513035
河北省,定县,114.02,38.52,890.9514908657997
河北省,阜平,114.18,38.85,927.3673818297466
河北省,唐县,114.97,38.75,918.1432806994069
河北省,涞源,114.67,39.37,985.7223200286672
河北省,易县,115.49,39.35,988.8035959640378
河北省,新城,115.84,39.34,991.6696080819125
河北省,雄县,116.1,38.98,955.8256493542393
河北省,徐水,115.65,39.02,954.0812224095988
河北省,高阳,115.78,38.68,918.2588496727823
河北省,安国,115.3,38.41,882.9802659581492
河北省,清苑,115.47,38.76,923.3789386629722
河北省,望都,115.14,38.71,914.8590585869727
河北省,曲阳,114.68,38.62,902.3229199826694
河北省,完县,115.12,38.84,929.1289281973129
河北省,满城,115.45,38.95,944.1750320804585
河北省,张家口,114.87,40.82,1147.7009611112285
河北省,康保,114.6,41.87,1263.7424947238253
河北省,赤城,115.82,40.92,1165.682235647349
河北省,怀来,115.54,40.4,1105.4413789855523
河北省,蔚县,114.53,39.83,1036.576711899567
河北省,宣化,115.03,40.63,1127.3140999427924
河北省,张北,114.7,41.15,1183.8456512300052
河北省,沽源,115.68,41.68,1248.3716992006143
河北省,崇礼,115.25,40.98,1167.4726440961574
河北省,涿鹿,115.2,40.37,1099.4451790593766
河北省,阳原,114.15,40.12,1068.7653415814416
河北省,怀安,114.38,40.67,1129.9104803228417
河北省,尚义,113.95,41.05,1172.6417073138118
河北省,万全,114.73,40.84,1149.4403840361254
河北省,承德,117.93,40.97,1208.0735010264063
河北省,围场,117.72,41.95,1308.388731923386
河北省,平泉,118.68,41.02,1233.2354096746235
河北省,宽城,118.47,40.62,1185.3455852475583
河北省,兴隆,117.48,40.42,1138.6887072299482
河北省,滦平,117.53,40.95,1196.7118292834418
河北省,隆化,117.7,41.32,1240.1940863133093
河北省,青龙,118.93,40.43,1179.523571089272
河北省,丰宁,116.63,41.2,1207.0401961491768
河北省,秦皇岛,119.57,39.95,1152.9756171381757
河北省,迁西,118.3,40.15,1131.2366866948414
河北省,迁安,118.69,40.02,1129.56306550744
河北省,昌黎,119.15,39.72,1114.4510749855706
河北省,卢龙,118.85,39.89,1121.3974066025096
河北省,滦南,118.67,39.49,1074.382894804119
河北省,玉田,117.9,39.9,1093.7617988216596
河北省,唐海,118.54,39.31,1051.5738297402424
河北省,遵化,117.97,40.2,1127.3394902209384
河北省,抚宁,119.22,39.88,1133.1347532618358
河北省,乐亭,118.9,39.43,1076.1819934429611
河北省,滦县,118.73,39.74,1102.026430216654
河北省,丰南,118.1,39.58,1065.7605607423775
河北省,丰润,118.13,39.82,1091.7618427436712
河北省,廊坊,116.7,39.53,1026.2600403342608
河北省,安次,116.69,39.52,1024.9828541275313
河北省,三河,117.06,39.97,1081.104555402817
河北省,香河,117,39.76,1057.1839158117916
河北省,霸县,116.38,39.12,975.7738276522695
河北省,固安,116.29,39.44,1009.1778705306448
河北省,大城,116.63,38.7,934.9721735527081
河北省,文安,116.45,38.87,949.8418688139585
河北省,永清,116.48,39.32,999.3392352550549
河北省,大厂,116.98,39.98,1080.536587660933
河北省,沧州,116.83,38.33,899.5592228007074
河北省,黄骅,117.33,38.4,919.7894131795389
河北省,盐山,117.22,38.07,881.8983867359589
河北省,吴桥,116.37,37.65,816.0461066016642
河北省,东光,116.52,37.89,845.195757072159
河北省,肃宁,115.82,38.43,891.3324504362348
河北省,河间,116.07,38.45,897.3574588821538
河北省,泊头,116.56,38.08,866.5511429284841
河北省,交河,116.27,38.02,854.0786090961774
河北省,青县,116.8,38.58,925.7105719045052
河北省,海兴,117.85,38.17,911.4205646083693
河北省,南皮,116.7,38.05,866.4834614395555
河北省,任丘,116.08,38.72,927.050250823081
河北省,献县,116.12,38.2,870.905839903867
河北省,孟村,117.1,38.06,877.5642234164523
河北省,衡水,115.72,37.72,811.9326190579131
河北省,饶阳,115.74,38.24,869.3344060701861
河北省,阜城,116.14,37.87,835.3121580952803
河北省,景县,116.26,37.69,818.086447226435
河北省,枣强,115.72,37.52,789.9899502848866
河北省,深县,115.56,38.02,842.7511047964628
河北省,安平,115.5,38.22,864.0808255638319
河北省,武强,115.96,38.03,849.6290289051457
河北省,武邑,115.9,37.81,824.5860187223432
河北省,故城,115.96,37.36,776.481431299808
河北省,冀县,115.56,37.59,795.4023240551708
河南省,郑州,113.65,34.76,476.02803203385173
河南省,荥阳,113.35,34.79,483.7661319302824
河南省,开封,114.35,34.79,475.3489941220007
河南省,平顶山,113.29,33.75,372.18848542212373
河南省,洛阳,112.44,34.7,497.2277963834501
河南省,焦作,113.21,35.24,535.3841773396333
河南省,鹤壁,114.17,35.9,599.0405508449469
河南省,杞县,114.77,34.56,451.7958881970412
河南省,尉氏,114.17,34.41,433.23224169114945
河南省,新郑,113.71,34.4,435.5776972708021
河南省,登封,113.02,34.46,455.00272611525145
河南省,通许,114.46,34.48,441.0498780953007
河南省,中牟,114,34.73,469.5545081270721
河南省,密县,113.35,34.51,453.20612723302935
河南省,巩县,112.96,34.76,488.64802117393464
河南省,兰考,114.81,34.69,466.5619769341409
河南省,新乡,113.85,35.31,534.948045395871
河南省,汲县,114.05,35.44,548.2290312009364
河南省,封丘,114.04,35.03,502.68579902208427
河南省,获嘉,113.63,35.27,532.5691120160794
河南省,温贺,113.06,34.94,505.749380379011
河南省,济源,112.57,35.08,533.0584970899637
河南省,博爱,113.05,35.16,529.7792791812815
河南省,辉县,113.77,35.46,552.2216542144872
河南省,延津,114.19,35.14,514.4183770082574
河南省,原阳,113.96,35.05,505.33875512293395
河南省,武陟,113.38,35.1,517.2060282891665
河南省,孟县,112.77,34.92,510.5767222636365
河南省,沁阳,112.92,35.08,523.9955287685949
河南省,修武,113.42,35.24,531.9666776077752
河南省,安阳,114.35,36.1,621.1738848255051
河南省,南乐,115.21,36.08,624.5650644145522
河南省,范县,115.46,35.9,608.3852513035365
河南省,台前,115.83,36,626.195778566199
河南省,滑县,114.52,35.57,562.5043522068828
河南省,浚县,114.54,35.67,573.695891699261
河南省,淇县,114.17,35.6,565.6536115964301
河南省,内黄,114.88,35.95,606.7863470915086
河南省,清丰,115.1,35.89,602.2898403191264
河南省,濮阳,114.98,35.71,581.1104185205875
河南省,长垣,114.67,35.19,520.9495475071849
河南省,汤阴,114.35,35.92,601.1367724736027
河南省,林县,113.81,36.06,618.4593822338433
河南省,商丘,115.65,34.44,454.1381354113289
河南省,夏邑,116.13,34.22,445.9881186014641
河南省,柘城,115.29,34.08,406.8766883222806
河南省,睢县,115.04,34.46,443.9179021383752
河南省,虞城,115.87,34.4,456.0769752248106
河南省,永城,116.37,33.94,427.254082284291
河南省,宁陵,115.31,34.44,446.35374966951457
河南省,民权,115.13,34.65,466.1325669569959
河南省,周口,114.63,33.63,347.51628471221
河南省,商水,114.59,33.54,337.22124242363356
河南省,扶沟,114.38,34.05,393.0129792689494
河南省,鹿邑,115.48,33.86,387.79130179177906
河南省,淮阳,114.88,33.74,362.45164028468207
河南省,沈丘,115.06,33.41,329.4147230642132
河南省,西华,114.5,33.79,364.4546295713643
河南省,太康,114.85,34.06,397.3316612171337
河南省,郸城,115.17,33.63,355.57564483579534
河南省,项城,114.9,33.44,329.7902515002786
河南省,许昌,113.81,34.02,392.44837796586955
河南省,鄢县,114.17,34.11,399.853797714973
河南省,郾城,113.98,33.6,344.2738729638171
河南省,襄城,113.46,33.86,380.32725904842096
河南省,鲁山,112.88,33.74,382.94589963053073
河南省,郏县,113.19,33.98,399.32847625216715
河南省,漯河,114.02,33.56,339.51531936734193
河南省,长葛,113.77,34.22,414.9971630088899
河南省,临颖,113.94,33.81,367.8960565751898
河南省,舞阳,113.58,33.44,332.27776468899464
河南省,叶县,113.35,33.62,356.7686838111464
河南省,宝丰,113.04,33.86,390.57169287299763
河南省,禹县,113.47,34.16,412.82735792283574
河南省,驻马店,114.02,32.98,275.2179961066848
河南省,确山,114.02,32.83,258.6110949413462
河南省,西平,114,33.38,319.7168236380842
河南省,汝南,114.35,33,276.098287753778
河南省,新蔡,114.97,32.75,256.0003981295152
河南省,泌阳,113.31,32.72,262.6038741666235
河南省,遂平,113.98,33.15,294.4283939756052
河南省,上蔡,114.26,33.25,303.9389417008883
河南省,平舆,114.62,32.97,274.30655188803655
河南省,正阳,114.38,32.62,233.86516456031904
河南省,信阳,114.08,32.13,180.5537767222551
河南省,息县,114.72,32.35,207.4027461201922
河南省,固始,115.68,32.17,225.16544837431925
河南省,潢川,115.04,32.13,192.1965199011473
河南省,新县,114.83,31.62,132.10803161457665
河南省,罗山,114.53,32.21,189.28839784507107
河南省,淮滨,115.41,32.44,237.8764460607468
河南省,商城,115.42,31.81,178.3247497280545
河南省,光山,114.91,32.02,176.46758702200265
河南省,南阳,112.53,33.01,324.3506498835828
河南省,方城,112.98,33.25,328.86795700061776
河南省,唐河,112.83,32.7,280.30915522022667
河南省,新野,112.36,32.51,288.63639732390783
河南省,邓县,112.08,32.68,320.16880777560044
河南省,淅川,111.47,33.14,396.46029641966715
河南省,南召,112.4,33.49,376.5649043373569
河南省,社旗,112.92,33.05,310.8273744617524
河南省,桐柏,113.4,32.37,223.33692221062321
河南省,镇平,112.23,33.03,341.7645129504969
河南省,内乡,111.83,33.05,366.5630578122527
河南省,西峡,111.5,33.31,408.56877709308816
河南省,三门峡,111.19,34.76,555.1781063106334
河南省,孟津,112.42,34.84,512.4365794215137
河南省,临汝,112.83,34.17,429.4786911063505
河南省,汝阳,112.46,34.16,440.9549676297274
河南省,嵩县,112.07,34.14,454.6986780031663
河南省,栾川,111.6,33.81,446.4368868191635
河南省,灵宝,110.85,34.52,551.040446303588
河南省,渑池,111.75,34.76,529.4379862744145
河南省,义马,111.92,34.73,519.4175914265252
河南省,偃师,112.77,34.73,490.36999417118926
河南省,伊川,112.42,34.43,470.0283688768486
河南省,宜阳,112.15,34.51,488.21671877698924
河南省,洛宁,111.65,34.39,497.9649739893494
河南省,卢氏,111.03,34.06,500.49034554643464
河南省,陕县,111.19,34.76,555.1781063106334
河南省,新安,112.14,34.75,512.9016631914831
浙江省,杭州,120.19,30.26,565.3005249738073
浙江省,余杭,120.3,30.43,574.7050129173938
浙江省,富阳,119.95,30.07,544.3548305440478
浙江省,建德,119.27,29.49,491.653767504633
浙江省,临安,119.72,30.23,520.5233495498898
浙江省,萧山,120.25,30.16,572.0150865445219
浙江省,桐庐,119.64,29.8,519.181378615346
浙江省,淳安,119.05,29.61,467.7219552675603
浙江省,宁波,121.56,29.86,701.3313070942139
浙江省,镇海,121.72,29.96,715.2209971994819
浙江省,温州,120.65,28.01,675.9671911863157
浙江省,瓯海,120.65,28.01,675.9671911863157
浙江省,永喜,120.68,28.16,671.5085854841137
浙江省,洞头,121.12,27.84,725.8172858641307
浙江省,平阳,120.55,27.68,684.1838822772336
浙江省,泰顺,119.7,27.57,618.7352773879797
浙江省,乐清,120.94,28.14,695.6877972091622
浙江省,瑞安,120.62,27.8,683.8979658850793
浙江省,文成,120.08,27.08,680.5982762966165
浙江省,苍南,120.36,27.53,676.2843633362791
浙江省,湖州,120.1,30.86,555.4942345921914
浙江省,平湖,121.02,30.7,643.0844989233552
浙江省,桐乡,120.54,30.64,597.1383952095052
浙江省,安吉,119.68,30.68,514.7982817589719
浙江省,嘉善,120.92,30.84,633.7379761536586
浙江省,嘉兴,120.76,30.77,618.2755759064379
浙江省,海盐,120.92,30.53,633.7527480287874
浙江省,海宁,120.69,30.53,611.7069021348847
浙江省,德清,120.08,30.54,553.2093407552773
浙江省,长兴,119.91,30.01,541.3505732494317
浙江省,定海,122.11,30.03,751.700230269878
浙江省,岱山,122.2,30.26,758.0306407455181
浙江省,嵊四,122.45,30.72,779.9389300305721
浙江省,普陀,122.3,29.97,770.6431348594125
浙江省,鄞县,121.56,29.86,701.3313070942139
浙江省,象山,121.8,29.48,731.1527129651171
浙江省,奉化,121.41,29.66,690.4042433282293
浙江省,慈溪,121.23,30.18,665.732360645992
浙江省,宁海,121.42,29.3,699.2440469342065
浙江省,余姚,121.16,30.04,660.5675642706418
浙江省,绍兴,120.58,30.01,605.4292279458081
浙江省,新昌,120.89,29.49,644.493189421969
浙江省,诸暨,120.23,29.71,577.0727253329416
浙江省,上虞,120.87,30.03,632.9236799471635
浙江省,嵊县,120.81,29.6,634.4788401075298
浙江省,椒江,121.44,28.67,720.0694368779303
浙江省,临海,121.13,28.8,686.8109231329302
浙江省,三门,121.38,29.11,700.5233844490735
浙江省,温岭,121.36,28.36,724.3515810116129
浙江省,仙居,120.73,28.85,647.9948983139825
浙江省,天台,121.03,29.15,666.4800099306458
浙江省,黄岩,121.27,28.64,705.4033715753795
浙江省,玉环,121.23,28.14,721.7762988645603
浙江省,丽水,119.92,28.45,590.3394949760034
浙江省,青田,120.28,28.45,622.5922767620137
浙江省,庆无,119.06,27.61,564.2954767566932
浙江省,遂昌,119.25,28.59,524.3228914598751
浙江省,缙云,120.6,28.66,643.0021907756719
浙江省,云和,119.56,28.12,575.2506010278721
浙江省,龙泉,119.13,28.08,540.9515800978141
浙江省,松阳,119.48,28.46,550.864379989755
浙江省,金华,119.64,29.12,537.7768200385651
浙江省,浦江,119.88,29.46,549.7769109657496
浙江省,东阳,120.23,29.27,587.9414098693842
浙江省,武义,119.81,28.9,561.4387660428752
浙江省,江山,118.61,28.74,460.8021877416097
浙江省,开化,118.39,29.15,422.4373008764861
浙江省,衢州,118.88,28.97,474.15449221509346
浙江省,兰溪,119.48,29.19,520.5765557445587
浙江省,义乌,120.06,29.32,570.5579698109302
浙江省,永康,120.02,28.92,579.9574964064625
浙江省,常山,118.5,28.9,443.39558840612386
海南省,海口,110.35,20.02,1234.6582692137415
海南省,琼山,110.33,19.98,1239.5398837553396
海南省,文昌,110.72,19.61,1267.0362076582292
海南省,定安,110.31,19.68,1271.9707647079504
海南省,琼海,110.46,19.25,1313.1223717467008
海南省,万宁,110.39,18.8,1363.2731180037192
海南省,屯昌,110.1,19.36,1312.631035767383
海南省,澄迈,110,19.75,1274.7989419942635
海南省,儋县,109.57,19.52,1314.1028668178535
海南省,临高,109.69,19.91,1269.0310749120247
海南省,保亭,109.7,18.64,1401.9407772700285
海南省,白沙,109.44,19.23,1349.1188121033983
海南省,琼中,109.83,19.05,1354.3143961586334
海南省,陵水,110.02,18.48,1408.5690940059135
海南省,崖县,109.5,18.25,1449.8248304767876
海南省,乐东,109.17,18.73,1411.206013173441
海南省,东方,108.64,19.09,1394.772149272492
海南省,昌江,109.03,19.25,1362.6070415303745
台湾省,台北,121.5,25.05,933.4621465132383
台湾省,高雄,120.37,22.64,1064.129184060313
台湾省,基隆,121.73,25.14,944.118389018672
台湾省,台中,120.67,24.15,947.4014360276508
台湾省,台南,120.19,22.98,1022.3622969984112
台湾省,宜兰,121.75,24.75,974.648610680639
台湾省,桃园,121.3,25,922.4498828402911
台湾省,新竹,120.96,24.81,912.768848944668
澳门,澳门,113.33,22.13,939.0591299314402
香港,香港,114.1,22.2,926.414270869149
湖北省,武汉,114.31,30.52,0.0
湖北省,武昌,114.33,30.35,19.021422381764307
湖北省,汉阳,114.02,30.57,28.354454630264144
湖北省,黄石,115.09,30.2,82.95904250795358
湖北省,十堰,110.79,32.65,409.39678635651916
湖北省,沙市,112.24,30.32,199.9498737875325
湖北省,宜昌,111.3,30.7,289.06696447766586
湖北省,襄樊,112.14,30.02,215.92119081156483
湖北省,孝感,113.91,31.92,160.43150176535346
湖北省,黄陂,114.36,30.88,40.3597794525234
湖北省,汉川,113.59,30.63,70.08418855238249
湖北省,云梦,113.73,31.02,78.58486533340111
湖北省,应山,113.81,31.62,131.4042547138948
湖北省,大悟,114.09,31.56,117.65839941907979
湖北省,应城,113.6,30.94,82.47172642105565
湖北省,安陆,113.69,31.25,100.55818496330562
湖北省,鄂城,114.87,30.38,55.95470356456074
湖北省,黄冈,114.87,30.44,54.45711689761033
湖北省,新洲,114.8,31.84,154.17353013316495
湖北省,红安,114.61,31.29,90.37852194491633
湖北省,麻城,115,31.17,97.90005717059144
湖北省,罗川,115.37,30.79,105.86443918066358
湖北省,浠水,115.22,30.46,87.54755151255517
湖北省,蕲春,115.3,30.24,100.05242136975755
湖北省,黄梅,115.93,30.09,162.88489864773217
湖北省,广济,115.56,29.85,141.5272766603772
湖北省,英山,115.57,30.75,123.37144932717031
湖北省,咸宁,114.28,29.87,72.41521779534766
湖北省,阳新,115.22,29.83,116.48521577159296
湖北省,通山,114.52,29.6,104.39332389104173
湖北省,通城,113.8,29.23,151.80522045123791
湖北省,嘉鱼,113.91,29.97,72.30662057415354
湖北省,崇阳,114.04,29.54,112.15344728122314
湖北省,蒲圻,113.85,29.71,100.46090672503027
湖北省,荆门,112.19,31.02,210.27157558062984
湖北省,江陵,112.18,30.35,205.30858796691405
湖北省,钟祥,112.58,31.17,180.47963058115778
湖北省,京山,113.11,31.03,128.0453544978182
湖北省,监利,112.9,29.83,155.92089457673512
湖北省,石首,112.41,29.73,202.97491905809824
湖南省,长沙,113,28.21,286.83258145337584
湖南省,望城,112.8,28.37,280.5421921142615
湖南省,株洲,113.16,27.83,319.6238394084608
湖南省,湘潭,112.91,27.87,324.8473350527355
湖南省,衡阳,112.61,26.89,436.8316489518322
湖南省,邵阳,111.5,27.22,458.19683033609357
湖南省,岳阳,113.09,29.37,173.88486683912524
湖南省,临湘,113.42,29.48,144.09917410158292
湖南省,平江,113.56,29.71,115.5247759968397
湖南省,泪罗,113.05,28.8,226.96734478270858
湖南省,湘阴,112.87,28.68,247.7452900341229
湖南省,华容,112.55,29.52,202.89789528922176
湖南省,浏阳,113.63,28.16,270.8722327131263
湖南省,醴陵,113.5,27.67,326.89410119188756
湖南省,攸县,113.32,27.01,402.4901525370001
湖南省,茶陵,113.54,26.79,421.9750768987635
湖南省,酃县,113.77,26.49,451.71457239102637
湖南省,湘乡,112.5,27.75,355.02783029979196
湖南省,郴州,113,25.79,541.9954712163787
湖南省,郴县,113,25.79,541.9954712163787
湖南省,安仁,113.27,26.71,436.125712939775
湖南省,永兴,113.11,26.13,502.6280298039832
湖南省,资兴,113.39,25.95,516.6617061933284
湖南省,桂东,113.91,25.08,606.8558806772984
湖南省,汝城,113.68,25.54,557.8127205604461
湖南省,宜章,113.96,25.41,569.881273049545
湖南省,临武,112.55,25.27,609.5077014469623
湖南省,嘉禾,112.35,25.56,584.7267315109656
湖南省,桂阳,112.72,25.73,555.5753030547189
湖南省,来阳,112.84,26.41,479.58864412609904
湖南省,衡南,112.61,26.89,436.8316489518322
湖南省,衡山,112.86,27.25,390.4751453161749
湖南省,衡东,112.95,27.1,403.14934406021837
湖南省,常宁,112.39,26.38,497.6738511164805
湖南省,祁阳,111.85,26.59,499.2052057753498
湖南省,祁东,112.14,26.8,465.17179548917625
湖南省,衡阳,112.61,26.89,436.8316489518322
湖南省,永州,111.63,26.22,545.8700906857886
湖南省,零陵,111.63,26.22,545.8700906857886
湖南省,新田,112.21,25.91,552.9434989199027
湖南省,宁远,111.95,25.6,594.6850063418885
湖南省,蓝山,112.16,25.37,610.9938059842431
湖南省,双牌,111.64,25.96,571.1109240804715
湖南省,江永,111.33,25.41,639.7811271285393
湖南省,道县,111.57,25.52,618.2353083947332
湖南省,东安,111.28,26.41,545.1392532740234
湖南省,江华,111.79,24.97,665.7735257646347
湖南省,新宁,110.84,26.44,566.9790857769701
湖南省,武冈,110.61,26.73,555.5271287601568
湖南省,隆回,111.04,27.13,494.0164365325591
湖南省,绥宁,110.14,25.59,684.6879266683457
湖南省,洞口,110.57,27.06,530.4676525708506
湖南省,城步,110.3,26.37,606.0836413075582
湖南省,娄底,111.96,27.71,387.3759377823114
湖南省,涟源,111.66,27.68,407.87283919756635
湖南省,新邵,111.46,27.33,450.7424100528095
湖南省,双峰,112.18,27.44,400.6974179853599
湖南省,冷水江,111.41,27.68,423.65203059470934
湖南省,邵东,111.73,27.25,442.3915760463903
湖南省,新化,111.29,27.73,427.3987502129971
湖南省,怀化,109.95,27.52,539.961591012757
湖南省,黔阳,110.14,27.33,539.5174996072697
湖南省,辰溪,110.18,28.02,488.08399304382584
湖南省,沅陵,110.39,28.46,443.64246403636776
湖南省,溆浦,110.57,27.92,464.48177810282453
湖南省,会同,109.71,26.86,606.3221645782501
湖南省,靖县,109.68,26.57,630.9967416066039
湖南省,洪江,109.96,27.1,569.9579793429843
湖南省,芷江,109.78,27.44,558.6081356190186
湖南省,麻阳,109.79,27.87,529.0257909113399
湖南省,通道,109.77,26.16,658.2005096736833
湖南省,新晃,109.16,27.37,611.9505131964463
湖南省,吉首,109.71,28.3,509.8865425619894
湖南省,永顺,109.84,29,463.8798115954525
湖南省,桑植,110.16,29.38,419.88589596774864
湖南省,大庸,110.48,29.13,400.9111564442875
湖南省,古丈,109.91,28.62,475.5686330072207
湖南省,泸溪,110.73,28.29,426.75605056190125
湖南省,凤凰,109.43,27.92,555.3790993156741
湖南省,花垣,109.46,28.59,516.3878448997467
湖南省,保靖,109.64,28.7,495.2424789868602
湖南省,龙山,109.42,29.64,481.07667243257254
湖南省,常德,111.69,29.05,301.39994417380206
湖南省,临澧,111.64,29.44,284.130246594998
湖南省,澧县,111.75,29.65,264.9141598084728
湖南省,安乡,112.16,29.41,241.36317731613164
湖南省,津市,111.87,29.64,254.6285834136604
湖南省,汉寿,111.97,28.9,289.3096089740979
湖南省,桃源,111.47,28.9,328.49140659740635
湖南省,慈利,111.09,29.41,334.1974643165629
湖南省,石门,111.35,29.59,303.3973276452404
湖南省,益阳,112.33,28.6,287.110189636237
湖南省,南县,112.39,29.37,225.13284516989165
湖南省,沅江,112.36,28.83,266.37974833894145
湖南省,宁乡,112.55,28.27,303.0920649317033
湖南省,安化,111.2,28.38,384.19785734883015
湖南省,桃江,112.11,28.51,308.9904863897691
甘肃省,兰州,103.73,36.03,1158.9817128978618
甘肃省,永登,103.25,36.73,1235.1122108940556
甘肃省,榆中,104.09,35.87,1121.972513860862
甘肃省,永昌,101.94,38.23,1421.9905508317672
甘肃省,皋兰,103.97,36.32,1156.4079898394218
甘肃省,定西,104.57,35.57,1067.8286459893195
甘肃省,会宁,105.08,35.72,1036.3284089230722
甘肃省,陇西,104.61,34.98,1034.2765102508333
甘肃省,临洮,103.88,35.39,1113.9945713925845
甘肃省,靖远,104.71,36.54,1113.742590384565
甘肃省,通渭,105.27,35.24,994.4650396394942
甘肃省,渭源,104.19,35.17,1077.9360171180679
甘肃省,平凉,106.68,35.51,902.7004249576103
甘肃省,灵台,107.61,35.1,807.644317561139
甘肃省,华亭,106.65,35.21,885.8301014093478
甘肃省,静宁,105.73,35.51,974.0230790785673
甘肃省,泾川,107.38,35.31,838.4628688781864
甘肃省,崇信,107.05,35.27,859.8363928332394
甘肃省,庄浪,106.06,35.2,930.3176387546943
甘肃省,庆阳,107.88,36.03,856.5013396456368
甘肃省,华池,108,36.44,881.3269452822525
甘肃省,庄宁,108.43,35.5,779.8117602930502
甘肃省,镇源,107.22,35.7,876.7637931796395
甘肃省,环县,107.33,36.57,933.7574776296345
甘肃省,合水,108.02,35.81,830.4666954973824
甘肃省,宁县,107.94,35.17,788.8703256363273
甘肃省,天水,105.69,34.6,927.0364142744177
甘肃省,徽县,106.11,33.78,853.4326426851203
甘肃省,礼县,105.15,34.22,954.1234659320858
甘肃省,武山,104.88,34.69,998.0998628402789
甘肃省,秦安,105.69,34.89,942.1000309941469
甘肃省,清水,106.12,34.73,899.0856562826841
甘肃省,两当,106.28,33.9,844.3750786440173
甘肃省,西和,105.28,34.02,934.5044270280226
甘肃省,甘谷,105.35,34.7,959.8524548413834
甘肃省,漳县,104.48,34.87,1039.716737147174
甘肃省,张家川,106.23,35,905.4931566656647
甘肃省,武都,104.94,33.43,941.7902923502154
甘肃省,宕昌,104.38,34.06,1013.5419174776891
甘肃省,康县,105.58,33.33,881.7694872862734
甘肃省,成县,105.7,33.75,887.289419731682
甘肃省,文县,104.7,32.95,948.7746478926226
甘肃省,临潭,103.35,34.69,1126.8770950678352
甘肃省,舟曲,104.38,33.81,1004.2909019869196
甘肃省,玛曲,102.04,33.97,1216.4384067806143
甘肃省,下河,102.46,35.21,1223.6934471374625
甘肃省,卓尼,103.54,34.61,1107.4319872549208
甘肃省,迭部,103.23,34.08,1114.5626538838553
甘肃省,碌曲,102.5,34.6,1196.5139433895133
甘肃省,临夏,103.22,35.62,1178.9803269388046
甘肃省,永靖,103.34,35.97,1186.754660380671
甘肃省,和政,103.31,35.43,1162.5731802831342
甘肃省,康乐,103.68,35.39,1130.319562170349
甘肃省,广河,103.54,35.46,1145.1409285844052
甘肃省,东乡,103.39,35.68,1168.08557766988
甘肃省,岷县,104.04,34.41,1056.6112117605976
甘肃省,积石山,102.85,35.74,1214.9297321695663
甘肃省,武威,102.61,37.94,1355.2436395013174
甘肃省,民勤,103.08,38.62,1366.492901912575
甘肃省,古浪,102.86,37.43,1305.6020553442206
甘肃省,景泰,104.05,37.14,1200.0541636518867
甘肃省,天祝,102.84,37.24,1295.7929422507523
甘肃省,张掖,100.46,38.93,1572.4530897551663
甘肃省,民乐,100.85,38.43,1514.2552476030469
甘肃省,临泽,100.17,39.14,1606.1460875434823
甘肃省,山丹,101.19,38.79,1510.8750097118339
甘肃省,高台,99.84,39.14,1630.3076309187209
甘肃省,肃南,99.57,38.86,1634.350748232826
甘肃省,玉门,97.58,39.81,1835.561999662776
甘肃省,酒泉,98.5,39.71,1761.7422304790423
甘肃省,敦煌,94.71,40.13,2069.8523811093532
甘肃省,金塔,98.92,39.97,1746.2098257855116
甘肃省,安西,95.77,40.51,2008.0687154460122
甘肃省,阿克塞,94.25,38.46,2035.8200999547148
甘肃省,肃北,94.89,39.49,2026.5329526290086
福建省,福州,119.3,26.08,695.1574585799453
福建省,闽侯,119.14,26.16,677.7039851638378
福建省,厦门,118.1,24.46,771.3016663820422
福建省,同安,118.15,24.74,746.4533278952063
福建省,南平,118.16,26.65,571.9367893843097
福建省,南平,118.16,26.65,571.9367893843097
福建省,建瓯,118.32,27.05,549.6997994215731
福建省,浦城,118.55,27.92,503.37354872041317
福建省,邵武,117.48,27.34,469.73078149716105
福建省,顺昌,117.8,26.8,536.2993148877208
福建省,崇安,118.02,27.76,473.7716351526112
福建省,光泽,117.34,27.54,443.82719004568213
福建省,松溪,118.77,27.53,546.946527130809
福建省,政和,118.85,27.38,563.5930447206233
福建省,宁德,119.52,26.65,666.8832813326926
福建省,福安,119.65,27.09,645.692907545102
福建省,连江,119.53,26.2,701.7595569948093
福建省,福鼎,120.2,27.34,674.0835426291175
福建省,霞浦,120,26.89,686.7939920454503
福建省,吉田,118.74,26.59,615.5157141977948
福建省,罗源,119.55,26.49,681.0085737120068
福建省,寿宁,119.5,27.47,608.6729203593335
福建省,周宁,119.36,27.12,621.0219150329384
福建省,屏南,118.98,26.92,606.8739816033872
福建省,柘荣,119.89,27.25,654.3002844960182
福建省,莆田,119,25.44,729.4440397826984
福建省,仙游,118.7,25.37,717.4883426819506
福建省,福清,119.39,25.73,729.8967793604734
福建省,长乐,119.52,25.96,720.0272703146148
福建省,永泰,118.95,25.88,688.3153258202457
福建省,平潭,119.78,25.51,774.3583425148894
福建省,闽清,118.86,26.21,654.7045060706905
福建省,泉州,118.58,24.93,750.9945846996965
福建省,晋江,118.57,24.82,760.7387807442908
福建省,南安,118.39,24.96,737.8524141508051
福建省,惠安,118.78,25.04,752.1054308150992
福建省,安溪,118.18,25.07,716.309348228946
福建省,永春,118.3,25.34,697.3528944169142
福建省,德化,118.24,25.5,679.1735979443383
福建省,金门,118.34,24.43,785.9590948113477
福建省,漳州,117.35,24.52,732.1414129675647
福建省,龙海,117.79,24.44,758.9454340755235
福建省,漳浦,117.61,24.12,783.5143293134014
福建省,诏安,117.16,23.73,806.7736807874905
福建省,平和,117.3,24.38,744.4886901095401
福建省,云霄,117.34,23.99,786.2176211615257
福建省,南靖,117.35,24.51,733.1623549407949
福建省,长泰,117.75,24.62,739.191096765926
福建省,东山,117.4,23.72,816.418281212382
福建省,华安,117.53,25,691.4141561081116
福建省,龙岩,117.01,25.12,657.2020688841324
福建省,上杭,116.41,25.43,603.0131916305554
福建省,永定,116.81,24.76,686.8944296038911
福建省,长汀,116.37,25.85,557.7354615904352
福建省,武平,116.1,25.11,627.4618669417515
福建省,连城,116.75,25.72,585.5221833777217
福建省,漳平,117.4,25.3,655.6953019914614
福建省,三明,117.61,26.23,576.5730883332975
福建省,龙溪,118.17,26.18,613.4116594970366
福建省,宁化,116.64,26.26,526.2176304359018
福建省,大田,117.83,25.69,639.0775495186244
福建省,永安,117.37,25.97,588.6425369909667
福建省,沙县,117.77,26.41,569.1031277100651
福建省,将乐,117.45,26.73,521.6017585347149
福建省,清流,116.81,26.12,547.605933195734
福建省,建宁,116.82,26.85,476.392384366539
福建省,泰宁,117.15,26.92,487.25660539860615
福建省,明溪,117.18,26.36,541.5757219832916
西藏藏族自治区,拉萨,91.11,29.97,2227.9769072836293
西藏藏族自治区,林周,91.24,30.2,2212.3753847059893
西藏藏族自治区,当雄,91.05,30.51,2226.6691024284373
西藏藏族自治区,墨竹工卡,91.77,29.77,2167.8071017669695
西藏藏族自治区,尼木,90.14,29.44,2329.2552635488996
西藏藏族自治区,米林,94.13,29.18,1951.500436069856
西藏藏族自治区,墨脱,95.26,29.22,1842.421654792576
西藏藏族自治区,达孜,91.39,29.63,2206.3831822949305
西藏藏族自治区,曲水,90.7,29.39,2276.502969960021
西藏藏族自治区,堆龙德庆,90.96,29.67,2246.902055291174
西藏藏族自治区,林芝,94.25,29.59,1933.055241609362
西藏藏族自治区,工布江达,93.25,29.92,2023.9506351832113
西藏藏族自治区,那曲,92.1,31.47,2118.410858443326
西藏藏族自治区,巴青,94.1,31.96,1927.4211244228968
西藏藏族自治区,比如,93.68,31.53,1968.2970674762578
西藏藏族自治区,班戈,90.05,31.35,2313.6240696503605
西藏藏族自治区,嘉黎,93.46,30.63,1995.4644403882899
西藏藏族自治区,聂荣,92.3,31.08,2102.0524768976243
西藏藏族自治区,索县,93.71,31.92,1964.3163824462301
西藏藏族自治区,安多,91.68,32.29,2155.124406940825
西藏藏族自治区,申扎,88.7,30.94,2445.616427972076
西藏藏族自治区,吕都,97.14,31.18,1640.9251215159152
西藏藏族自治区,贡觉,98.29,30.86,1532.7205341396032
西藏藏族自治区,左贡,97.9,29.68,1581.7890153528429
西藏藏族自治区,察隅,97.49,28.62,1640.6315370649763
西藏藏族自治区,洛隆,95.76,30.81,1774.4752836800435
西藏藏族自治区,丁青,95.63,31.42,1783.6663707960656
西藏藏族自治区,波密,95.75,29.92,1784.5479119442707
西藏藏族自治区,江达,89.19,31.53,2393.7163633437476
西藏藏族自治区,察雅,97.56,30.69,1603.478162185204
西藏藏族自治区,芒康,98.68,29.64,1507.5791881503449
西藏藏族自治区,八宿,96.95,30.04,1668.070093582401
西藏藏族自治区,边坝,94.69,30.94,1875.5683067732205
西藏藏族自治区,类乌齐,96.57,31.2,1695.09750040917
西藏藏族自治区,乃东,91.76,29.18,2178.7155833485863
西藏藏族自治区,加查,92.6,29.09,2099.8662809537723
西藏藏族自治区,曲松,92.11,29.08,2147.0330188397515
西藏藏族自治区,错那,91.91,27.98,2190.2531631059755
西藏藏族自治区,穷结,91.65,29.04,2191.894902457198
西藏藏族自治区,贡嘎,90.96,29.25,2254.099523966341
西藏藏族自治区,浪卡子,90.33,29.96,2302.6950304241027
西藏藏族自治区,桑日,92,29.26,2154.2558930071104
西藏藏族自治区,朗县,93.11,29.06,2051.532943680096
西藏藏族自治区,隆子,92.42,28.46,2130.073428981425
西藏藏族自治区,措美,91.4,28.49,2227.2207107771196
西藏藏族自治区,洛扎,90.83,28.42,2283.439078107456
西藏藏族自治区,扎囊,91.26,29.22,2225.9004510244877
西藏藏族自治区,日喀则,88.82,29.28,2458.5172662624263
西藏藏族自治区,定结,87.77,28.38,2577.7533678073946
西藏藏族自治区,拉孜,87.62,29.1,2576.844520005536
西藏藏族自治区,聂拉木,85.94,28.19,2757.599348021403
西藏藏族自治区,谢通门,88.25,29.43,2510.329668225962
西藏藏族自治区,仲巴,84.15,29.66,2897.8754830281478
西藏藏族自治区,康马,89.67,28.57,2391.361101353316
西藏藏族自治区,亚东,88.93,27.55,2486.9286078110954
西藏藏族自治区,岗巴,88.5,28.29,2509.8285651922906
西藏藏族自治区,南木林,89.02,29.71,2431.8492905030585
西藏藏族自治区,萨迦,88,28.87,2545.07986782424
西藏藏族自治区,定日,87.11,28.57,2636.754412796522
西藏藏族自治区,吉隆,85.29,28.94,2803.101375096049
西藏藏族自治区,昂仁,87.22,29.3,2611.272699934957
西藏藏族自治区,江孜,89.63,28.94,2387.4744532969407
西藏藏族自治区,仁布,89.77,29.21,2368.8426075215752
西藏藏族自治区,白朗,89.16,29.11,2429.170918587041
西藏藏族自治区,萨嘎,85.3,29.38,2793.333941142702
西藏藏族自治区,噶尔,80,32.08,3254.421682553644
西藏藏族自治区,革吉,81.13,32.45,3144.5391395003644
西藏藏族自治区,扎达,79.76,31.47,3284.9454786508263
西藏藏族自治区,措勤,85.16,31.06,2780.187761138598
西藏藏族自治区,日上,79.61,33.44,3277.5185267613424
西藏藏族自治区,改则,84.1,32.33,2867.3136103197035
西藏藏族自治区,普兰,81.18,30.37,3167.8897511968867
新疆维吾尔自治区,乌鲁木齐,87.68,43.77,2766.617687868528
新疆维吾尔自治区,克拉玛依,84.77,45.59,3058.0143721652353
新疆维吾尔自治区,石河子,85.94,44.27,2916.59253538649
新疆维吾尔自治区,吐鲁番,89.19,42.91,2616.40765438803
新疆维吾尔自治区,托克逊,88.63,42.77,2652.400903470679
新疆维吾尔自治区,鄯善,90.25,42.82,2533.388532895749
新疆维吾尔自治区,哈密,93.44,42.78,2299.490267241313
新疆维吾尔自治区,伊吾,94.65,43.28,2244.0014682906676
新疆维吾尔自治区,巴里坤,93,43.6,2376.182396115264
新疆维吾尔自治区,库尔勒,86.06,41.68,2810.797446069976
新疆维吾尔自治区,和静,86.35,42.31,2809.50546004053
新疆维吾尔自治区,和硕,86.84,42.23,2768.43351650586
新疆维吾尔自治区,博湖,86.53,41.95,2782.736173515776
新疆维吾尔自治区,尉梨,86.24,41.36,2786.1078564630748
新疆维吾尔自治区,轮台,84.25,41.77,2958.01039981437
新疆维吾尔自治区,焉耆,86.55,42.05,2784.658065474388
新疆维吾尔自治区,和田,79.94,37.12,3243.6656391524234
新疆维吾尔自治区,民丰,82.63,37.07,3004.9673927713516
新疆维吾尔自治区,策勒,80.78,37.04,3168.6964998948265
新疆维吾尔自治区,于田,81.63,36.86,3092.0243445605065
新疆维吾尔自治区,洛浦,80.17,37.12,3223.2766761921375
新疆维吾尔自治区,皮山,78.29,37.06,3389.8060958051274
新疆维吾尔自治区,墨玉,79.74,37.31,3262.4601192178297
新疆维吾尔自治区,阿克苏,80.29,41.15,3264.9729652618976
新疆维吾尔自治区,温宿,80.24,41.29,3271.8999062604657
新疆维吾尔自治区,拜城,81.84,41.82,3153.3469191471268
新疆维吾尔自治区,库车,82.97,41.68,3058.438752426924
新疆维吾尔自治区,新和,82.63,41.55,3082.5755367710058
新疆维吾尔自治区,沙雅,82.9,41.25,3053.0655133953646
新疆维吾尔自治区,阿瓦提,80.34,40.64,3251.108124408268
新疆维吾尔自治区,柯平,79.06,40.55,3356.4948814190984
新疆维吾尔自治区,乌什,79.25,41.22,3352.1456286884463
新疆维吾尔自治区,咯什,75.94,39.52,3608.7138028803865
新疆维吾尔自治区,巴楚,78.59,39.78,3385.2080925087307
新疆维吾尔自治区,枷师,76.78,39.46,3536.252083112483
新疆维吾尔自治区,乐普湖,76.67,39.23,3543.747737943006
新疆维吾尔自治区,麦盖提,77.62,38.95,3459.5814254255192
新疆维吾尔自治区,莎车,77.25,38.45,3487.943353373887
新疆维吾尔自治区,泽普,77.26,38.2,3485.576450345229
新疆维吾尔自治区,叶城,77.42,37.89,3469.953489488613
新疆维吾尔自治区,疏勒,76.05,39.41,3598.424821052889
新疆维吾尔自治区,英吉沙,76.17,38.91,3584.5707175676685
新疆维吾尔自治区,疏附,75.83,39.42,3617.377101760191
新疆维吾尔自治区,塔什库尔干,75.22,37.76,3662.896408612643
新疆维吾尔自治区,阿图什,76.12,39.73,3595.0761895508344
新疆维吾尔自治区,阿合奇,78.42,41.91,3433.230193993615
新疆维吾尔自治区,阿克陶,75.94,39.14,3605.932330865969
新疆维吾尔自治区,乌恰,75.18,39.7,3675.1133445839487
新疆维吾尔自治区,昌吉,87.31,44.05,2806.1987574455416
新疆维吾尔自治区,阜康,87.94,44.14,2764.174188012096
新疆维吾尔自治区,奇台,89.52,44.02,2644.23529128253
新疆维吾尔自治区,吉木萨尔,89.14,44,2670.608964164499
新疆维吾尔自治区,米泉,87.68,43.97,2775.4809131709767
新疆维吾尔自治区,玛纳斯,86.22,44.28,2896.349353182532
新疆维吾尔自治区,呼图壁,86.92,44.18,2840.548486405017
新疆维吾尔自治区,木垒,90.34,43.8,2574.472638849328
新疆维吾尔自治区,博乐,82.1,44.93,3227.4857129134793
新疆维吾尔自治区,精河,82.92,44.67,3156.830366922699
新疆维吾尔自治区,温泉,81.08,44.95,3304.5592941374816
新疆维吾尔自治区,伊宁,81.33,43.91,3251.9854938567364
新疆维吾尔自治区,尼勒克,82.53,43.82,3156.845807085604
新疆维吾尔自治区,新源,83.27,43.41,3086.3501396491947
新疆维吾尔自治区,巩留,82.23,43.35,3165.037537701743
新疆维吾尔自治区,奎屯,84.89,44.45,3001.682020949454
新疆维吾尔自治区,特克斯,81.81,43.23,3194.1698426351945
新疆维吾尔自治区,昭苏,81.08,43.15,3249.10699504052
新疆维吾尔自治区,霍城,80.87,44.07,3292.308017242899
新疆维吾尔自治区,察布察尔,81.12,43.82,3265.448209392299
新疆维吾尔自治区,塔城,82.96,46.74,3236.323862865831
新疆维吾尔自治区,额敏,83.62,46.52,3180.3155675756034
新疆维吾尔自治区,乌苏,84.62,44.45,3021.7265920801133
新疆维吾尔自治区,托里,83.59,45.92,3156.745315430779
新疆维吾尔自治区,裕民,82.94,46.21,3215.379845387316
新疆维吾尔自治区,沙湾,85.56,44.29,2945.539580192804
新疆维吾尔自治区,和布克赛尔,85.13,46.78,3087.0943923340656
新疆维吾尔自治区,阿勒泰,88.14,47.86,2944.689256222284
新疆维吾尔自治区,青河,90.37,46.71,2734.0172424090015
新疆维吾尔自治区,富蕴,89.44,47.05,2814.048974035813
新疆维吾尔自治区,福海,87.51,47.15,2945.5449904044463
新疆维吾尔自治区,吉木乃,85.84,47.42,3070.750136732981
新疆维吾尔自治区,布尔津,86.92,47.7,3014.3177728178925
新疆维吾尔自治区,哈巴河,86.41,48.05,3066.624094584589
贵州省,贵阳,106.71,26.57,863.1771540875956
贵州省,六盘水,104.82,26.58,1025.8604643151516
贵州省,水城,104.82,26.58,1025.8604643151516
贵州省,盘县,104.64,25.81,1083.5505943407868
贵州省,六枝,105.47,26.21,989.4480517304437
贵州省,遵义,106.9,27.7,785.84934213367
贵州省,绥阳,107.19,27.95,748.2696217883245
贵州省,道真,107.6,28.89,673.5616891525389
贵州省,凤冈,107.72,27.97,700.0397673808549
贵州省,余庆,107.88,27.22,726.3295371649201
贵州省,赤水,105.69,28.57,862.2982944896148
贵州省,桐梓,106.8,28.16,774.4666504811355
贵州省,正安,107.43,28.56,700.9825951758813
贵州省,务川,107.87,28.54,661.4349935591492
贵州省,湄潭,107.5,27.76,729.7507411745856
贵州省,仁怀,106.41,27.81,824.7973686730288
贵州省,习水,106.2,28.33,823.0226090785548
贵州省,铜仁,109.21,27.73,585.0559904914037
贵州省,玉屏,108.91,27.24,640.4577261241565
贵州省,思南,108.23,27.94,656.6200089076191
贵州省,德江,108.13,28.27,649.4788404998372
贵州省,万山,109.2,27.52,599.0093273845067
贵州省,江口,108.82,27.68,620.4365697461765
贵州省,师阡,108.24,27.52,678.5501621758723
贵州省,印江,108.41,28.02,636.8113183284464
贵州省,沿河,108.48,28.57,604.7893588176772
贵州省,松桃,109.18,28.17,562.2494559940554
贵州省,毕节,105.29,27.32,947.9327525876437
贵州省,黔西,106.04,27.03,895.2259273182856
贵州省,织金,105.76,26.66,939.2974788739834
贵州省,赫章,104.71,27.13,1008.9690815440082
贵州省,大方,105.61,27.16,926.767485362579
贵州省,金沙,106.22,27.46,857.9259348445285
贵州省,钠雍,105.38,26.77,966.6949809304973
贵州省,威宁,104.28,26.87,1059.7904469345897
贵州省,安顺,105.92,26.25,948.8121243299108
贵州省,息烽,106.73,27.1,831.3227212769555
贵州省,清镇,106.46,26.56,884.8674945952552
贵州省,普定,105.75,26.32,959.1886711031362
贵州省,开阳,106.95,27.06,814.5342989577213
贵州省,修文,106.59,26.84,857.7245501066675
贵州省,平坝,106.26,26.42,910.0168754570635
贵州省,镇宁,105.75,26.08,973.2741450261703
贵州省,紫云,106.06,25.75,967.9280819632993
贵州省,关岭,105.62,25.94,992.6369724905854
贵州省,兴义,104.91,25.1,1104.1156240851988
贵州省,普安,104.96,25.79,1057.3903629979927
贵州省,贞丰,105.63,25.39,1026.34723181351
贵州省,望谟,106.09,25.17,1004.0961312595031
贵州省,册亭,105.79,25,1039.5693837043289
贵州省,安龙,105.49,25.11,1056.1475390838584
贵州省,兴仁,105.18,25.44,1060.2047247989954
贵州省,晴龙,105.21,25.83,1033.8173838208136
贵州省,凯里,107.97,26.59,758.4947654235226
贵州省,施秉,108.11,27.03,718.7547521247103
贵州省,镇远,108.41,27.06,692.3930882458723
贵州省,天柱,109.2,26.89,641.8937704941351
贵州省,剑河,108.58,26.64,707.1221996426887
贵州省,黎平,109.14,26.24,695.0768896085793
贵州省,从江,108.9,25.76,749.9615046184618
贵州省,麻江,107.58,26.49,796.3959735963365
贵州省,黄平,107.89,26.89,745.5693027151733
贵州省,三穗,108.68,26.98,675.9955591570102
贵州省,岑巩,108.72,27.21,657.6787464954976
贵州省,锦屏,109.18,26.7,657.2348034691628
贵州省,台江,108.32,26.68,724.676649122108
贵州省,榕江,108.5,25.94,764.37539163664
贵州省,雷山,108.07,26.38,764.8625216196912
贵州省,丹寨,107.79,26.21,798.5142889853316
贵州省,都匀,107.53,26.72,785.7875053606224
贵州省,贵定,107.22,26.58,820.0676100985781
贵州省,瓮安,107.48,27.08,768.2297856832607
贵州省,平塘,107.55,25.83,843.8261863365184
贵州省,长顺,106.45,26.03,918.0579811103376
贵州省,惠水,106.66,26.14,893.8287198101506
贵州省,荔波,107.88,25.42,849.3428699075746
贵州省,福泉,107.51,26.7,788.6835749602427
贵州省,独山,107.54,25.84,843.8856200187792
贵州省,罗甸,106.74,25.43,934.9172873460578
贵州省,龙里,106.98,26.46,847.3579158440924
贵州省,三都,107.86,26,807.8732359589818
辽宁省,沈阳,123.38,41.8,1495.0498878741819
辽宁省,新民,122.83,42,1487.4527041146077
辽宁省,辽中,122.7,41.52,1437.07281826886
辽宁省,大连,121.62,38.92,1148.7350574240525
辽宁省,金县,121.7,39.13,1171.4874991611634
辽宁省,复县,121.97,39.63,1229.9009212214878
辽宁省,新金,121.95,39.55,1221.7489121050637
辽宁省,庄河,122.97,39.7,1289.3908474058617
辽宁省,长海,122.58,39.28,1232.056127353054
辽宁省,鞍山,122.85,41.12,1407.78590788468
辽宁省,海城,122.75,40.85,1378.5191624856093
辽宁省,台安,122.4,41.4,1412.0321014888655
辽宁省,抚顺,123.97,41.97,1539.3476493398916
辽宁省,新宾,125.02,41.72,1572.6795496280063
辽宁省,清原,124.9,42.13,1601.0678448211213
辽宁省,本溪,123.73,41.3,1468.1162302850971
辽宁省,垣仁,125.33,41.28,1553.5927742392191
辽宁省,锦州,121.15,41.13,1331.6116578978638
辽宁省,锦县,121.35,41.17,1343.8492065132605
辽宁省,义县,121.22,41.55,1375.2417784285085
辽宁省,黑山,122.12,41.7,1427.5536478185593
辽宁省,北镇,121.8,41.6,1404.1872839370992
辽宁省,锦西,120.83,40.77,1283.4845623635665
辽宁省,兴城,120.68,40.63,1263.7058588062218
辽宁省,绥中,120.32,40.35,1221.7365285250814
辽宁省,丹东,124.37,40.13,1404.857178032727
辽宁省,东沟,124.13,39.97,1377.8643541573044
辽宁省,岫岩,123.25,40.3,1355.988133855568
辽宁省,凤城,124.05,40.47,1414.3970608976606
辽宁省,宽甸,124.77,40.75,1478.3627702889428
辽宁省,阜新,121.65,42,1436.3912253734698
辽宁省,彰武,122.52,42.42,1513.1194415562634
辽宁省,营口,122.18,40.65,1332.5263838480162
辽宁省,盖县,122.37,40.42,1320.9269360187448
辽宁省,盘山,122.03,41.02,1359.6627804012337
辽宁省,大洼,122.06,41,1359.181940814111
辽宁省,辽阳,123.17,41.28,1437.9656708176212
辽宁省,灯塔,123.34,41.43,1459.8377704322631
辽宁省,铁岭,123.85,42.32,1564.717624945264
辽宁省,开原,124.03,42.53,1592.3229016792397
辽宁省,昌图,124.13,42.8,1621.468805170851
辽宁省,铁法,123.5,42.48,1562.6392950708757
辽宁省,康平,123.33,42.75,1579.7737611253604
辽宁省,法库,123.37,42.52,1560.3034020787125
辽宁省,西丰,124.7,42.77,1646.565170076535
辽宁省,朝阳,120.42,41.58,1347.4814602223528
辽宁省,建昌,119.78,40.82,1248.0515047680522
辽宁省,北票,120.75,41.82,1383.5859256765048
辽宁省,凌源,119.37,41.27,1280.0972063964834
辽宁省,建平,119.63,41.38,1299.8151082037793
陕西省,西安,108.95,34.27,654.094268462977
陕西省,长安,108.97,34.18,646.4884425872687
陕西省,铜川,109.11,35.09,703.7057063716773
陕西省,耀县,108.98,34.91,698.360686058882
陕西省,宝鸡,107.15,34.38,797.7931681474149
陕西省,凤翔,107.39,34.53,787.7799407852489
陕西省,千阳,107.13,34.65,815.0536019577066
陕西省,陇县,106.86,34.91,851.4538449944985
陕西省,麟游,107.8,34.69,766.609230812756
陕西省,岐山,107.63,34.46,765.0561106312757
陕西省,浮风,107.87,34.38,741.7525267249974
陕西省,武功,108.22,34.28,708.8631603154657
陕西省,眉县,107.76,34.29,744.7624025282636
陕西省,太白,107.3,34.09,769.7364485602834
陕西省,凤县,106.51,33.93,826.4741340574578
陕西省,榆林,109.77,38.3,960.8579562765223
陕西省,神木,110.51,38.83,988.0467686704783
陕西省,府谷,111.07,39.05,994.4837154806302
陕西省,佳县,110.48,38.04,907.9887475530392
陕西省,米脂,110.23,37.78,891.0456916791037
陕西省,吴堡,110.73,37.49,843.1083207810461
陕西省,绥德,110.24,37.49,861.7734679470469
陕西省,清涧,110.15,37.11,828.1264194588072
陕西省,子洲,110.05,37.45,865.6078834133742
陕西省,横山,109.32,37.97,947.5686323933397
陕西省,靖边,108.79,37.61,938.721193446132
陕西省,定边,107.59,37.6,1001.9700069673681
陕西省,延安,109.47,36.6,811.9058230909982
陕西省,安寨,109.34,36.88,844.1362047571778
陕西省,子长,109.65,37.16,855.2712992877881
陕西省,延川,110.18,36.87,803.5075005532194
陕西省,延长,110.02,36.59,783.9661470374538
陕西省,宜川,110.15,36.04,726.0738603031621
陕西省,黄龙,109.86,35.6,701.3402927852692
陕西省,洛川,109.42,35.76,740.0317828899977
陕西省,宜君,109.11,35.43,730.8844682517896
陕西省,黄陵,109.27,35.6,735.2042240044123
陕西省,富县,109.37,36,763.6610962840017
陕西省,甘泉,109.37,36.29,789.2167187159794
陕西省,志丹,108.78,36.84,869.8859782334642
陕西省,吴旗,108.22,36.93,908.9668586834861
陕西省,咸阳,108.72,34.36,676.935862748254
陕西省,礼泉,108.43,34.5,707.5563233588745
陕西省,永寿,108.14,34.71,742.8532216097547
陕西省,彬县,108.09,35.04,769.139136872147
陕西省,长武,107.8,35.22,802.2676723032281
陕西省,旬邑,108.33,35.13,758.829066909322
陕西省,淳化,108.57,34.81,719.0571993024045
陕西省,泾阳,108.84,34.53,680.1185363174742
陕西省,三原,108.94,34.62,679.5615926255992
陕西省,高陵,109.1,34.55,663.3763349949472
陕西省,户县,108.61,34.12,669.219280371524
陕西省,周至,108.22,34.18,702.6157385144596
陕西省,兴平,108.49,34.32,691.1770900740503
陕西省,乾县,108.25,34.54,723.439425446573
陕西省,渭南,109.5,34.52,633.9542049833022
陕西省,蒲城,109.59,34.97,663.6588696033664
陕西省,白水,109.6,35.18,680.3265739820216
陕西省,成城,109.93,35.2,662.5144742068088
陕西省,韩城,110.45,35.47,658.270541520547
陕西省,合阳,110.15,35.24,653.5368869568273
陕西省,人荔,109.96,34.82,628.5644261514897
陕西省,潼关,110.25,34.56,589.298706831659
陕西省,华阴,110.09,34.58,600.747478423052
陕西省,华县,109.77,34.53,616.9718158581851
陕西省,蓝田,109.32,34.17,620.5867230169216
陕西省,临潼,109.22,34.38,642.6694008125419
陕西省,富平,109.17,34.76,674.2763465417463
陕西省,商县,109.96,33.88,554.685795246786
陕西省,洛南,110.15,34.11,559.2388587413519
陕西省,丹凤,110.35,33.71,515.1838531152164
陕西省,商南,110.88,33.54,466.6270975173223
陕西省,山阳,109.91,33.55,534.8519023014559
陕西省,镇安,109.16,33.45,585.3871454902242
陕西省,柞水,109.14,33.69,601.6766838067813
陕西省,安康,109.02,32.7,557.0380635365178
陕西省,旬阳,109.35,32.83,535.5618805788084
陕西省,白河,110.06,32.83,477.67307307643716
陕西省,平利,109.37,32.41,514.0051647060842
陕西省,镇坪,109.51,31.91,482.40707527428305
陕西省,岚皋,108.89,32.3,551.655212562678
陕西省,紫阳,108.55,32.56,591.6704871549518
陕西省,汉阴,108.53,32.9,607.9890538498231
陕西省,石泉,108.26,33.05,637.8523187049217
陕西省,宁陕,108.33,33.34,646.1538166681165
陕西省,汉中,108.04,33.07,657.4827636674589
陕西省,留坝,106.95,33.65,776.4199673127928
陕西省,城固,107.32,33.16,723.1989774161544
陕西省,洋县,107.56,33.23,705.6057481219863
陕西省,佛坪,108,33.55,684.15358320295
陕西省,西乡,107.77,33,677.6068297867066
陕西省,镇巴,107.91,32.56,648.1306162722107
陕西省,南郑,106.93,33,750.8639714087275
陕西省,宁强,106.25,32.82,805.1352699682374
陕西省,勉县,106.68,33.16,778.8462064898133
陕西省,略阳,106.16,33.34,831.1913056453841
青海省,西宁,101.74,36.56,1344.5277523499549
青海省,大通,101.67,36.92,1368.3029277688795
青海省,平安,102.09,36.47,1312.040421514184
青海省,湟中,101.57,36.49,1354.7735597892292
青海省,乐都,102.38,36.49,1289.9647827217439
青海省,民和,102.8,36.3,1246.8126133151159
青海省,湟源,101.28,36.72,1389.2590467752573
青海省,互助,101.95,36.84,1342.0983484955711
青海省,化隆,102.3,36.11,1277.4153902921569
青海省,循化,102.46,35.84,1251.5439826751651
青海省,门源,101.62,37.37,1396.1296862746506
青海省,海晏,100.99,36.89,1420.789866159234
青海省,刚察,100.17,37.32,1507.2101651746882
青海省,祁连,100.22,38.2,1548.768132784945
青海省,同仁,102,35.54,1276.232294307544
青海省,尖扎,102,35.92,1292.9879984023923
青海省,泽库,101.5,35.03,1298.5369190177287
青海省,河南,101.62,34.75,1278.203287604329
青海省,共和,100.61,36.27,1423.1893630326574
青海省,贵德,101.47,36.02,1341.1637960508008
青海省,贵南,100.75,35.57,1382.9242481134022
青海省,同德,100.63,35.24,1381.045243178098
青海省,兴海,99.99,35.6,1448.8906594287118
青海省,玛沁,100.26,34.49,1389.6259835202275
青海省,甘德,99.89,33.95,1409.059598394102
青海省,久治,101.47,33.46,1254.71514111752
青海省,班玛,100.73,32.92,1312.3547488214547
青海省,达日,99.68,33.74,1423.5779425557153
青海省,玛多,98.26,34.92,1578.7995028869084
青海省,玉树,96.97,33.03,1662.5908853760507
青海省,称多,97.12,33.35,1652.1985877510137
青海省,囊谦,96.47,32.23,1704.213613831985
青海省,杂多,95.3,32.92,1817.2474177390534
青海省,治多,95.6,33.86,1798.695072487264
青海省,曲麻菜,95.5,34.52,1817.8720859060015
青海省,格尔木,94.9,36.41,1913.8512098161464
青海省,乌兰,98.46,36.9,1627.6409455638563
青海省,都兰,98.13,36.3,1632.6497675577257
青海省,天峻,99.03,37.28,1596.9896746650948
黑龙江省,哈尔滨,126.63,45.75,2004.1713121101675
黑龙江省,齐齐哈尔,123.97,47.33,2045.9689179886643
黑龙江省,鹤岗,130.3,47.33,2318.0790224843863
黑龙江省,双鸭山,131.17,46.65,2308.432445219182
黑龙江省,鸡四,130.97,45.3,2192.874697729833
黑龙江省,大庆,125.03,46.58,2012.351550640633
黑龙江省,伊春,128.92,47.73,2285.3503839935975
黑龙江省,嘉荫,130,48.93,2439.6661302007947
黑龙江省,铁力,128.08,47.98,2269.613238714441
黑龙江省,绥化,127,46.63,2100.092149057232
黑龙江省,绥棱,127.12,47.22,2158.878790012496
黑龙江省,海伦,126.97,47.47,2175.3010218343024
黑龙江省,庆安,127.5,46.87,2144.175003605585
黑龙江省,兰西,126.3,46.28,2037.278766395368
黑龙江省,肇东,125.98,46.07,2004.0376991337837
黑龙江省,肇州,125.25,45.72,1940.2422192803092
黑龙江省,肇源,125.07,45.53,1914.8715442350403
黑龙江省,安达,125.33,46.42,2009.2257920083173
黑龙江省,明水,125.88,47.18,2103.153547318187
黑龙江省,青岗,126.13,46.68,2066.7832695126253
黑龙江省,望奎,126.5,46.83,2096.400740180262
黑龙江省,黑河,127.53,50.22,2454.478124158758
黑龙江省,爱辉,127.53,50.22,2454.478124158758
黑龙江省,德都,126.17,48.5,2239.6605059572585
黑龙江省,通北,126.8,49.76,2383.6227153753975
黑龙江省,北安,126.5,48.22,2225.874792538257
黑龙江省,孙吴,127.5,49.22,2359.2195314671717
黑龙江省,逊克,128.42,49.57,2428.6021585958683
黑龙江省,嫩江,125.2,49.17,2269.730362491639
黑龙江省,佳木斯,130.35,46.83,2279.51411346621
黑龙江省,桦川,130.68,47.02,2312.095976356734
黑龙江省,萝北,130.83,47.58,2365.4925658345146
黑龙江省,绥滨,131.83,47.3,2395.0607516239866
黑龙江省,富锦,132.02,47.23,2399.7675796260146
黑龙江省,同江,132.5,47.67,2459.8598238642758
黑龙江省,抚远,134.15,48.33,2599.625310019734
黑龙江省,饶河,134,46.78,2477.4096190530167
黑龙江省,七台河,130.83,45.82,2224.854245752167
黑龙江省,宝清,132.17,46.33,2339.0589387629
黑龙江省,集贤,131.13,46.7,2310.2297185285115
黑龙江省,勃利,130.53,45.75,2202.7744111550824
黑龙江省,桦南,130.53,46.25,2242.2613549565936
黑龙江省,依兰,129.55,46.33,2197.1253894808897
黑龙江省,汤源,129.92,46.73,2249.156287194753
黑龙江省,牡丹江,129.58,44.6,2059.845378059972
黑龙江省,林口,130.23,45.3,2150.9529243039465
黑龙江省,鸡东,131.04,45.27,2194.629886711254
黑龙江省,密山,131.85,45.53,2260.997243452492
黑龙江省,虎林,133.97,45.75,2403.4420347340715
黑龙江省,绥芬河,131.17,44.38,2136.5045941738404
黑龙江省,东宁,131.12,44.07,2111.16564366912
黑龙江省,穆棱,130.5,44.9,2135.502205826142
黑龙江省,宁安,129.47,44.35,2034.1746521822574
黑龙江省,海林,129.35,44.57,2044.5144852140818
黑龙江省,阿城,126.95,45.52,1998.7714094249807
黑龙江省,呼兰,126.58,46,2024.338999557446
黑龙江省,巴彦,127.38,46.08,2068.5046357455503
黑龙江省,宾县,127.48,45.75,2044.3793217758894
黑龙江省,木兰,128.03,45.95,2088.515176452197
黑龙江省,通河,128.7,45.98,2124.510649770161
黑龙江省,方正,128.8,45.83,2117.0365241924146
黑龙江省,延寿,128.35,45.47,2063.818060863909
黑龙江省,尚志,127.95,45.22,2022.294465639673
黑龙江省,五常,127.17,44.93,1958.1409679370117
黑龙江省,双城,126.32,45.53,1970.1491509713485
黑龙江省,富裕,124.4,47.8,2107.2915612679794
黑龙江省,讷河,124.85,48.48,2189.8403098681056
黑龙江省,克山,125.87,48.03,2183.3585042981367
黑龙江省,克东,126.22,48.03,2196.917845800587
黑龙江省,拜泉,126.07,47.62,2152.24485530227
黑龙江省,依安,125.3,47.92,2151.3271010565823
黑龙江省,林甸,124.87,47.18,2063.77870636881
黑龙江省,泰来,123.45,46.4,1935.813822776911
黑龙江省,龙江,123.18,47.35,2021.599947320158
黑龙江省,甘南,123.48,47.9,2086.576222153865
黑龙江省,杜尔伯特,124.44,46.86,2016.7118114367847
黑龙江省,加格达奇,124.07,50.42,2359.6181894291685
黑龙江省,呼玛,126.6,51.72,2567.055411655691
黑龙江省,塔河,124.7,52.32,2570.988377788094
黑龙江省,漠河,122.37,53.48,2637.4669692387297
